Taxon name,Author
Abelmoschus esculentus,(L.) Moench      
Abelmoschus manihot,(L.) Medik.      
Abutilon auritum,(Wall. ex Link) Sweet    
Abutilon megapotamicum,(A.Spreng.) A.St.-Hil. & Naudin    
Acacia auriculiformis,Benth.       
Acacia baileyana,F.Muell.       
Acacia balfourii,Woodrow       
Acacia concurrens,Pedley       
Acacia confusa,Merr.       
Acacia cornigera,(L.) Willd.      
Acacia cultriformis,G.Don       
Acacia dealbata,Link       
Acacia decora,Rchb.f.       
Acacia decurrens,Willd.       
Acacia elata,Benth.       
Acacia farnesiana,(L.) Willd.      
Acacia holosericea,G.Don       
Acacia karroo,Hayne       
Acacia linifolia,(Vent.) Willd.      
Acacia longifolia,(Andrews) Willd.      
Acacia maidenii,F.Muell.       
Acacia mangium,Willd.       
Acacia mearnsii,De Wild.      
Acacia melanoxylon,R.Br.       
Acacia myrtifolia,(Sm.) Willd.      
Acacia neriifolia,Benth.       
Acacia nilotica,(L.) Delile      
Acacia omalophylla,Benth.       
Acacia paradoxa,DC.       
Acacia podalyriifolia,G.Don       
Acacia pulchella,R.Br.       
Acacia pycnantha,Benth.       
Acacia retinodes,Schltdl.       
Acacia richii,A.Gray       
Acacia robusta,Burch.       
Acacia saligna,(Labill.) H.L. Wendl.     
Acacia senegal,(L.) Willd.      
Acacia tortilis,(Forssk.) Hayne      
Acacia truncata,Hoffmanns.       
Acacia verticillata,(L'Her.) Willd.      
Acacia willdenowiana,Wendl.       
Acalypha amentacea,Roxb.       
Acalypha australis,L.       
Acalypha chamaedrifolia,(Lam.) M∏ll.Arg.      
Acalypha ciliata,Forssk.       
Acalypha hispida,Burm.f.       
Acalypha wilkesiana,M∏ll.Arg.       
Acanthospermum hispidum,DC.       
Acanthus mollis,L.       
Acanthus montanus,(Nees) T.Anderson      
Acca sellowiana,(O.Berg) Burret      
Acer pseudoplatanus,L.       
Achetaria azurea,(Linden) V.C.Souza      
Achillea millefolium,L.       
Achimenes grandiflora,(Schiede) DC.      
Achimenes longiflora,DC.       
Achyranthes aspera,L.       
Acmella ciliata,(Kunth) Cass.      
Acmella radicans,(Jacq.) R.K.Jansen      
Acmella uliginosa,(Sw.) Cass.      
Acokanthera oblongifolia,(Hochst.) Benth. & Hook.f. ex B.D.Jacks.  
Adansonia digitata,L.       
Adenanthera microsperma,Teijsm. & Binn.     
Adenium obesum,(Forssk.) Roem. & Schult.    
Adenophyllum cooperi,(A.Gray) Strother      
Adenostemma lavenia,(L.) Kuntze      
Adonidia merrillii,(Becc.) Becc.      
Aeluropus lagopoides,(L.) Thwaites      
Aeonium arboreum,Webb & Berthel.     
Aerva javanica,(Burm.f.) Juss. ex Schult.    
Aeschynomene americana,L.       
Aeschynomene brasiliana,(Poir.) DC.      
Aeschynomene indica,L.       
Afrocarpus gracilior,(Pilg.) C.N.Page      
Afzelia martabanica,(Prain) J.Leonard      
Agapanthus africanus,(L.) Hoffmanns.      
Agapanthus praecox,Willd.       
Agathis macrophylla,(Lindl.) Mast.      
Agathis robusta,(C.Moore ex F.Muell.) F.M.Bailey    
Agave americana,L.       
Agave cantala,(Haw.) Roxb. ex Salm-Dyck    
Agave decipiens,Baker       
Agave salmiana,Otto ex Salm-Dyck     
Agave sisalana,Perrine       
Agave vera-cruz,Mill.       
Agave victoriae-reginae,T.Moore       
Agave vivipara,L.       
Ageratina adenophora,(Spreng.) R.M.King & H.Rob.    
Ageratina ligustrina,(DC.) R.M.King & H.Rob.    
Ageratina riparia,(Regel) R.M.King & H.Rob.    
Ageratum conyzoides,(L.) L.      
Ageratum houstonianum,Mill.       
Aglaia odorata,Lour.       
Agonis flexuosa,(Muhl. ex Willd.) Sweet    
Agrostemma githago,L.       
Agrostis idahoensis,Nash       
Aidia cochinchinensis,Lour.       
Ailanthus altissima,(Mill.) Swingle      
Aiphanes horrida,(Jacq.) Burret      
Albizia lebbeck,(L.) Benth.      
Albizia niopoides,(Benth.) Burkart      
Albizia saman,(Jacq.) Merr.      
Alcea rosea,L.       
Aleurites moluccanus,(L.) Willd.      
Aleurites rockinghamensis,(Baill.) P.I.Forst.      
Alisma gramineum,Lej.       
Alisma lanceolatum,With.       
Allamanda blanchetii,A.DC.       
Allamanda cathartica,L.       
Allamanda schottii,Pohl       
Alliaria petiolata,(M.Bieb.) Cavara & Grande    
Allium ampeloprasum,L.       
Allium cepa,L.       
Allium sativum,L.       
Allocasuarina acuaria,(F.Muell.) L.A.S.Johnson      
Allocasuarina littoralis,(Salisb.) L.A.S.Johnson      
Allocasuarina torulosa,(Aiton) L.A.S.Johnson      
Allocasuarina verticillata,(Lam.) L.A.S.Johnson      
Alnus glutinosa,(L.) Gaertn.      
Alocasia macrorrhizos,(L.) G.Don      
Alocasia sanderiana,W.Bull       
Aloe variegata,L.       
Aloe vera,(L.) Burm.f.      
Alopecurus aequalis,Sobol.       
Alopecurus arundinaceus,Poir.       
Aloysia citriodora,Palau       
Alphitonia excelsa,(Fenzl) Reissek ex Benth.    
Alpinia nutans,(L.) Roscoe      
Alpinia oceanica,Burkill       
Alpinia purpurata,(Vieill.) K.Schum.      
Alpinia vittata,W.Bull       
Alstonia macrophylla,Wall. ex G.Don     
Alstonia neriifolia,D.Don       
Alstroemeria aurea,Graham       
Alternanthera bettzickiana,(Regel) G.Nicholson      
Alternanthera brasiliana,(L.) Kuntze      
Alternanthera caracasana,Kunth       
Alternanthera ficoidea,(L.) Sm.      
Alternanthera littoralis,P.Beauv.       
Alternanthera paronychioides,A.St.-Hil.       
Alternanthera philoxeroides,(Mart.) Griseb.      
Alternanthera pungens,Kunth       
Alternanthera sessilis,(L.) R.Br. ex DC.    
Alternanthera spinosa,(Hornem.) Schult.      
Althaea ludwigii,L.       
Althaea officinalis,L.       
Alysicarpus vaginalis,(L.) DC.      
Amaranthus blitum,L.       
Amaranthus caudatus,L.       
Amaranthus cruentus,L.       
Amaranthus hybridus,L.       
Amaranthus palmeri,S.Watson       
Amaranthus polygonoides,L.       
Amaranthus retroflexus,L.       
Amaranthus spinosus,L.       
Amaranthus tricolor,L.       
Amaranthus viridis,L.       
Amaryllis belladonna,L.       
Amberboa moschata,(L.) DC.      
Ambrosia artemisiifolia,L.       
Ambrosia polystachya,DC.       
Amherstia nobilis,Wall.       
Ammi majus,L.       
Amphilophium buccinatorium,(DC.) L.G.Lohmann      
Anacardium occidentale,L.       
Anagallis arvensis,L.       
Ananas comosus,(L.) Merr.      
Anchusa capensis,Thunb.       
Andira inermis,(Wright) DC.      
Andropogon hallii,Hack.       
Anethum graveolens,L.       
Angelonia biflora,Benth.       
Angelonia gardneri,Hook.       
Angelonia salicariifolia,Bonpl.       
Angophora floribunda,(Sm.) Sweet      
Angophora subvelutina,F.Muell.       
Anigozanthos flavidus,DC.       
Annona cherimola,Mill.       
Annona glabra,L.       
Annona muricata,L.       
Annona purpurea,Moc. & Sess» ex Dunal   
Annona reticulata,L.       
Annona squamosa,L.       
Anoda cristata,(L.) Schltdl.      
Anredera baselloides,(Kunth) Baill.      
Anredera cordifolia,(Ten.) Steenis      
Anthemis cotula,L.       
Anthoxanthum odoratum,L.       
Anthurium andraeanum,Linden ex Andr?©     
Anthurium spathiphyllum,N.E.Br.       
Antigonon leptopus,Hook. & Arn.     
Antirrhinum majus,L.       
Aphelandra arborea,(Mill.) M.R.Almeida      
Aphelandra aurantiaca,(Scheidw.) Lindl.      
Aphelandra pulcherrima,(Jacq.) Kunth      
Aphelandra scabra,(Vahl) Sm.      
Aphloia theiformis,(Vahl) Benn.      
Apium graveolens,L.       
Aponogeton abyssinicus,Hochst. ex A.Rich.     
Aponogeton distachyos,L.f.       
Aquilegia vulgaris,L.       
Arachis glabrata,Benth.       
Arachis hypogaea,L.       
Arachis pintoi,Krapov. & W.C.Greg.     
Araucaria angustifolia,(Bertol.) Kuntze      
Araucaria bidwillii,Hook.       
Araucaria columnaris,(G.Forst.) Hook.      
Araucaria cunninghamii,Mudie       
Araucaria heterophylla,(Salisb.) Franco      
Arceuthobium minutissimum,Hook.f.       
Arceuthobium oxycedri,(DC.) M.Bieb.      
Archontophoenix cunninghamiana,(H.Wendl.) H.Wendl. & Drude    
Arctium lappa,L.       
Arctotis fastuosa,Jacq.       
Arctotis stoechadifolia,P.J.Bergius       
Ardisia crenata,Sims       
Areca catechu,L.       
Arenaria serpyllifolia,L.       
Arenga obtusifolia,Mart.       
Arenga pinnata,(Wurmb) Merr.      
Arfeuillea arborescens,Pierre ex Radlk.     
Argemone mexicana,L.       
Argemone ochroleuca,Sweet       
Argemone subfusiformis,Ownbey       
Argyranthemum frutescens,(L.) Sch.Bip.      
Aristea ecklonii,Baker       
Aristida adscensionis,L.       
Aristida mutabilis,Trin. & Rupr.     
Aristolochia cymbifera,Mart.       
Aristolochia fimbriata,Cham.       
Aristolochia grandiflora,Sw.       
Aristolochia inflata,Kunth       
Aristolochia labiata,Willd.       
Aristolochia littoralis,Parodi       
Aristolochia ridicula,N.E.Br.       
Aristolochia ringens,Vahl       
Aristolochia tomentosa,Sims       
Aristolochia trilobata,L.       
Armoracia rusticana,"P.Gaertn., B.Mey. & Scherb.    "
Artabotrys hexapetalus,(L.f.) Bhandari      
Artemisia dracunculus,L.       
Artemisia siversiana,Ehrh. ex Willd.     
Artocarpus altilis,(Parkinson ex F.A.Zorn) Fosberg    
Arundo donax,L.       
Asclepias curassavica,L.       
Asparagus africanus,Lam.       
Asparagus densiflorus,(Kunth) Jessop      
Asparagus officinalis,L.       
Asparagus setaceus,(Kunth) Jessop      
Asphodelus tenuifolius,Cav.       
Aster amellus,L.       
Ateleia herbert-smithii,Pittier       
Atriplex hortensis,L.       
Atriplex vesicaria,Heward ex Benth.     
Attalea speciosa,Mart.       
Avena sativa,L.       
Avena sterilis,L.       
Averrhoa bilimbi,L.       
Averrhoa carambola,L.       
Axonopus compressus,(Sw.) P.Beauv.      
Axonopus fissifolius,(Raddi) Kuhlm.      
Ayapana triplinervis,(Vahl) R.M.King & H.Rob.    
Azadirachta indica,A.Juss.       
Azolla filiculoides,Lam.       
Babiana stricta,(Aiton) Ker Gawl.     
Babiana villosa,(Aiton) Ker Gawl.     
Bacopa monnieri,(L.) Wettst.      
Bambusa longispiculata,Gamble       
Bambusa multiplex,(Lour.) Raeusch. ex Schult.    
Bambusa tuldoides,Munro       
Bambusa vulgaris,Schrad.       
Banisteriopsis laevifolia,(A.Juss.) B.Gates      
Banksia marginata,Cav.       
Baphia massaiensis,Taub.       
Baphia nitida,Lodd.       
Barbarea intermedia,Boreau       
Barbarea verna,(Mill.) Asch.      
Barleria cristata,L.       
Barleria lupulina,Lindl.       
Barringtonia asiatica,(L.) Kurz      
Bartlettina sordida,(Less.) R.M.King & H.Rob.    
Bauhinia blakeana,Dunn       
Bauhinia carronii,F.Muell.       
Bauhinia galpinii,N.E.Br.       
Bauhinia hookeri,F.Muell.       
Bauhinia monandra,Kurz       
Bauhinia picta,(Kunth) DC.      
Bauhinia purpurea,L.       
Bauhinia rufescens,Lam.       
Bauhinia tomentosa,L.       
Bauhinia variegata,L.       
Beaucarnea recurvata,Lem.       
Beaucarnea stricta,Lem.       
Begonia cucullata,Willd.       
Begonia hirtella,Link       
Begonia manicata,Brongn.       
Bellis annua,L.       
Bellis perennis,L.       
Benincasa hispida,(Thunb.) Cogn.      
Berrya javanica,(Turcz.) Burret      
Beta vulgaris,L.       
Bidens aristosa,(Michx.) Britton      
Bidens biternata,(Lour.) Merr. & Sherff    
Bidens cernua,L.       
Bidens pilosa,L.       
Bidens triplinervia,Kunth       
Bignonia binata,Thunb.       
Bignonia callistegioides,Cham.       
Bignonia capreolata,L.       
Bignonia magnifica,W.Bull       
Billardiera heterophylla,(Lindl.) L.W.Cayzer & Crisp    
Billbergia pyramidalis,(Sims) Lindl.      
Biophytum sensitivum,(L.) DC.      
Bixa orellana,L.       
Blainvillea acmella,(L.) Philipson      
Blighia sapida,K.D.Koenig       
Blumea eriantha,DC.       
Blumea lacera,(Burm.f.) DC.      
Blumea obliqua,(L.) Druce      
Blumea viscosa,(Mill.) V.M.Badillo      
Boehmeria nivea,(L.) Gaudich.      
Boerhavia diffusa,L.       
Boerhavia erecta,L.       
Boesenbergia rotunda,(L.) Mansf.      
Bolusanthus speciosus,(Bolus) Harms      
Bomarea multiflora,(L.f.) Mirb.      
Borago officinalis,L.       
Borassus flabellifer,L.       
Bougainvillea glabra,Choisy       
Bougainvillea spectabilis,Willd.       
Brachiaria brizantha,(A.Rich.) Stapf      
Brachiaria decumbens,Stapf       
Brachiaria mutica,(Forssk.) Stapf      
Brachiaria ramosa,(L.) Stapf      
Brachiaria villosa,(Lam.) A.Camus      
Brachychiton acerifolius,(A.Cunn. ex G.Don) F.Muell.    
Brachychiton discolor,F.Muell.       
Brachychiton populneus,(Schott & Endl.) R.Br.    
Brachychiton rupestris,(T.Mitch. ex Lindl.) K.Schum.    
Brachyscome iberidifolia,Benth.       
Brassica cretica,Lam.       
Brassica juncea,(L.) Czern.      
Brassica napus,L.       
Brassica nigra,(L.) K.Koch      
Brassica oleracea,L.       
Brassica rapa,L.       
Brassica tournefortii,Gouan       
Brexia madagascariensis,(Lam.) Thouars ex Ker Gawl.   
Breynia disticha,J.R.Forst. & G.Forst.     
Briza maxima,L.       
Briza minor,L.       
Bromus arvensis,L.       
Bromus catharticus,Vahl       
Bromus diandrus,Roth       
Bromus inermis,Leyss.       
Bromus tectorum,L.       
Broussonetia papyrifera,(L.) L'H»r. ex Vent.    
Browallia americana,L.       
Browallia speciosa,Hook.       
Brownea ariza,Benth.       
Brownea coccinea,Jacq.       
Brownea grandiceps,Jacq.       
Brugmansia arborea,(L.) Steud.      
Brugmansia sanguinea,(Ruiz & Pav.) D.Don    
Brugmansia suaveolens,(Humb. & Bonpl. ex Willd.) Bercht. & J.Presl
Brugmansia versicolor,Lagerh.       
Brunfelsia americana,L.       
Brunfelsia densifolia,Krug & Urb.     
Brunfelsia grandiflora,D.Don       
Brunfelsia latifolia,(Pohl) Benth.      
Brunfelsia pauciflora,(Cham. & Schltdl.) Benth.    
Brunfelsia undulata,Sw.       
Brunfelsia uniflora,(Pohl) D.Don      
Brya ebenus,(L.) DC.      
Bryophyllum delagoense,(Eckl. & Zeyh.) Druce    
Bryophyllum fedtschenkoi,(Raym.-Hamet & H.Perrier) Lauz.-March.    
Bryophyllum pinnatum,(Lam.) Oken      
Buddleja asiatica,Lour.       
Buddleja davidii,Franch.       
Buddleja lindleyana,Fortune       
Buddleja madagascariensis,Lam.       
Bursera penicillata,(Sess» & Moc. ex DC.) Engl.  
Butia yatay,(Mart.) Becc.      
Butomus umbellatus,L.       
Buxus sempervirens,L.       
Byrsonima crassifolia,(L.) Kunth      
Cabomba caroliniana,A.Gray       
Cabomba furcata,Schult. & Schult.f.     
Caesalpinia coriaria,(Jacq.) Willd.      
Caesalpinia ferrea,Mart. ex Tul.     
Caesalpinia gilliesii,(Hook.) D.Dietr.      
Caesalpinia pulcherrima,(L.) Sw.      
Caesalpinia punctata,Willd.       
Caesalpinia sappan,L.       
Caesalpinia violacea,(Mill.) Standl.      
Cajanus cajan,(L.) Millsp.      
Caladium bicolor,(Aiton) Vent.      
Caladium lindenii,(Andr») Madison      
Calathea ornata,(Linden) K??rn.      
Calathea zebrina,(Sims) Lindl.      
Calceolaria mexicana,Benth.       
Calceolaria tripartita,Ruiz & Pav.     
Calendula officinalis,L.       
Callaeum macropterum,(DC.) D.M.Johnson      
Calliandra brevipes,Benth.       
Calliandra haematocephala,Hassk.       
Calliandra houstoniana,(Mill.) Standl.      
Calliandra inermis,(L.) Druce      
Calliandra surinamensis,Benth.       
Calliandra tergemina,(L.) Benth.      
Calliandra tweedii,Benth.       
Callianthe megapotamica,(A.Spreng.) Dorr      
Callianthe striata,(G.F.Dicks. ex Lindl.) Donnell    
Callisia repens,(Jacq.) L.      
Callistemon brachyandrus,Lindl.       
Callistemon citrinus,(Curtis) Skeels      
Callistemon coccineus,F.Muell.       
Callistemon lanceolatus,(Sm.) Sweet      
Callistemon linearis,(Schrad. & J.C.Wendl.) Colv. ex Sweet  
Callistemon polandii,F.M.Bailey       
Callistemon salignus,(Sm.) Colv. ex Sweet    
Callistemon viminalis,(Sol. ex Gaertn.) G.Don    
Callistephus chinensis,(L.) Nees      
Callitris columellaris,F.Muell.       
Callitris rhomboidea,R.Br. ex Rich. & A.Rich.   
Calluna vulgaris,(L.) Hull      
Calophyllum inophyllum,L.       
Calopogonium mucunoides,Desv.       
Calotropis gigantea,(L.) Dryand.      
Calotropis procera,(Aiton) Dryand.      
Calycophyllum spruceanum,(Benth.) Hook.f. ex K.Schum.    
Calyptocarpus vialis,Less.       
Camellia japonica,L.       
Camellia sinensis,(L.) Kuntze      
Campanula drabifolia,Sm.       
Campanula medium,L.       
Campanula rapunculoides,L.       
Campsis grandiflora,(Thunb.) K.Schum.      
Campsis radicans,(L.) Seem.      
Cananga odorata,(Lam.) Hook.f. & Thomson    
Canarium vulgare,Leenh.       
Canavalia africana,Dunn       
Canavalia ensiformis,(L.) DC.      
Canavalia gladiata,(Jacq.) DC.      
Canna flaccida,Salisb.       
Canna indica,L.       
Cannabis sativa,L.       
Canscora diffusa,(Vahl) R.Br. ex Roem. & Schult.  
Capsella bursa-pastoris,(L.) Medik.      
Capsicum annuum,L.       
Carapichea ipecacuanha,(Brot.) L.Andersson      
Cardamine africana,L.       
Cardamine flexuosa,With.       
Cardamine hirsuta,L.       
Cardamine trichocarpa,Hochst. ex A.Rich.     
Cardiospermum halicacabum,L.       
Carduus edelbergii,Rech.f.       
Carduus nutans,L.       
Carex diandra,Schrank       
Carex diluta,M.Bieb.       
Carica papaya,L.       
Carissa bispinosa,(L.) Desf. ex Brenan    
Carissa carandas,L.       
Carissa macrocarpa,(Eckl.) A.DC.      
Carpentaria acuminata,(H.Wendl. & Drude) Becc.    
Carpesium abrotanoides,L.       
Carthamus lanatus,L.       
Carthamus oxyacantha,M.Bieb.       
Carthamus tinctorius,L.       
Caryota urens,L.       
Cascabela thevetia,(L.) Lippold      
Casimiroa edulis,La Llave      
Cassia artemisioides,DC.       
Cassia grandis,L.f.       
Cassia javanica,L.       
Cassia phyllodinea,R.Br.       
Cassia renigera,Benth.       
Cassytha filiformis,L.       
Castanea crenata,Siebold & Zucc.     
Castanea sativa,Mill.       
Castanospermum australe,A.Cunn. ex Mudie     
Casuarina cunninghamiana,Miq.       
Casuarina equisetifolia,L.       
Casuarina glauca,Sieber ex Spreng.     
Catalpa bignonioides,Walter       
Catesbaea spinosa,L.       
Catha edulis,(Vahl) Endl.      
Catharanthus pusillus,(Murray) G.Don      
Catharanthus roseus,(L.) G.Don      
Ceiba insignis,(Kunth) P.E.Gibbs & Semir    
Ceiba pentandra,(L.) Gaertn.      
Ceiba speciosa,(A.St.-Hil.) Ravenna      
Ceiba ventricosa,(Nees & Mart.) Ravenna    
Celosia argentea,L.       
Celtis australis,L.       
Celtis sinensis,Pers.       
Cenchrus clandestinus,(Hochst. ex Chiov.) Morrone    
Cenchrus echinatus,L.       
Centaurea calcitrapa,L.       
Centaurea iberica,Trevir. ex Spreng.     
Centaurea melitensis,L.       
Centratherum punctatum,Cass.       
Centrolobium paraense,Tul.       
Centrosema molle,Benth.       
Centrosema plumieri,(Pers.) Benth.      
Centrosema pubescens,Benth.       
Centrosema virginianum,(L.) Benth.      
Centrostachys aquatica,(R.Br.) Moq.      
Cephalotaxus harringtonii,(Knight ex J.Forbes) K.Koch    
Cerastium glomeratum,Thuill.       
Ceratocephalus falcatus,(L.) Pers.      
Ceratonia siliqua,L.       
Ceratophyllum demersum,L.       
Ceratotheca triloba,(Bernh.) Hook.f.      
Cereus fernambucensis,Lem.       
Cereus forbesii,C.F.F??rst.       
Cereus hexagonus,(L.) Mill.      
Cereus hildmannianus,K.Schum.       
Cereus repandus,(L.) Mill.      
Cestrum aurantiacum,Lindl.       
Cestrum corymbosum,Schltdl.       
Cestrum diurnum,L.       
Cestrum elegans,(Brongn. ex Neumann) Schltdl.    
Cestrum fasciculatum,(Schltdl.) Miers      
Cestrum nocturnum,L.       
Cestrum parqui,(Lam.) L'H»r.      
Chaenomeles speciosa,(Sweet) Nakai      
Chamaecrista absus,(L.) H.S.Irwin & Barneby    
Chamaecrista pumila,(Lam.) K.Larsen      
Chamaecrista rotundifolia,(Pers.) Greene      
Chamaerops humilis,L.       
Cheniella corymbosa,(Roxb. ex DC.) R.Clark & Mackinder  
Chenopodium album,L.       
Chenopodium foliosum,Asch.       
Chenopodium murale,L.       
Chenopodium opulifolium,Schrad. ex W.D.J.Koch & Ziz   
Chimonanthus praecox,(L.) Link      
Chiococca alba,(L.) Hitchc.      
Chionochloa conspicua,(G.Forst.) Zotov      
Chloris barbata,Sw.       
Chloris gayana,Kunth       
Chloris pycnothrix,Trin.       
Chlorophytum comosum,(Thunb.) Jacques      
Choisya ternata,Kunth       
Chonemorpha fragrans,(Moon) Alston      
Chorizema ilicifolium,Labill.       
Christella dentata,(Forssk.) Brownsey & Jermy    
Christia vespertilionis,(L.f.) Bakh.f.      
Chromolaena corymbosa,(Aubl.) R.M.King & H.Rob.    
Chromolaena odorata,(L.) R.M.King & H.Rob.    
Chrozophora plicata,(Vahl) A.Juss. ex Spreng.    
Chrozophora rottleri,(Geiseler) A.Juss. ex Spreng.    
Chrysanthemoides monilifera,(L.) Norl.      
Chrysanthemum indicum,L.       
Chrysobalanus icaco,L.       
Chrysophyllum cainito,L.       
Chrysophyllum oliviforme,L.       
Chrysothemis pulchella,(Donn ex Sims) Decne.    
Cicer arietinum,L.       
Cichorium endivia,L.       
Cichorium intybus,L.       
Cinchona calisaya,Wedd.       
Cinchona officinalis,L.       
Cinchona pubescens,Vahl       
Cinnamomum burmanni,(Nees & T.Nees) Blume    
Cinnamomum camphora,(L.) J.Presl      
Cinnamomum verum,J.Presl       
Cinnamomun cassia,(L.) J.Presl      
Cipura paludosa,Aubl.       
Cirsium arvense,(L.) Scop.      
Cissampelos pareira,L.       
Citharexylum spinosum,L.       
Citrullus colocynthis,(L.) Schrad.      
Citrullus lanatus,(Thunb.) Matsum. & Nakai    
Citrus aurantiifolia,(Christm.) Swingle      
Citrus maxima,(Burm.) Merr.      
Citrus paradisi,Macfad.       
Citrus reticulata,Blanco       
Cladium mariscus,(L.) Pohl      
Clarkia amoena,(Lehm.) A.Nelson & J.F.Macbr.    
Clarkia pulchella,Pursh       
Clarkia unguiculata,Lindl.       
Clausena lansium,(Lour.) Skeels      
Clematis flammula,L.       
Clematis recta,L.       
Clematis terniflora,DC.       
Clematis vitalba,L.       
Cleome gynandra,L.       
Cleome monophylla,L.       
Cleome rosea,Vahl ex DC.     
Cleome rutidosperma,DC.       
Cleome spinosa,Jacq.       
Cleome viscosa,L.       
Cleoserrata speciosa,(Raf.) Iltis      
Clerodendrum calamitosum,L.       
Clerodendrum capitatum,(Willd.) Schumach. & Thonn.    
Clerodendrum chinense,(Osbeck) Mabb.      
Clerodendrum glandulosum,Lindl.       
Clerodendrum japonicum,(Thunb.) Sweet      
Clerodendrum paniculatum,L.       
Clerodendrum speciosissimum,Drapiez       
Clerodendrum splendens,G.Don       
Clerodendrum thomsoniae,Balf.f.       
Clethra arborea,Aiton       
Clianthus puniceus,(G.Don) Lindl.      
Clidemia hirta,(L.) D. Don     
Clinanthus coccineus,(Ruiz & Pav.) Meerow    
Clinopodium vulgare,L.       
Clitoria ternatea,L.       
Clusia rosea,Jacq.       
Cobaea scandens,Cav.       
Coccoloba uvifera,(L.) L.      
Coccothrinax barbadensis,(Lodd. ex Mart.) Becc.    
Cocos nucifera,L.       
Codiaeum variegatum,(L.) Rumph. ex A.Juss.    
Coffea arabica,L.       
Coffea canephora,Pierre ex A.Froehner     
Coffea liberica,Hiern       
Coffea stenophylla,G.Don       
Coix lacryma-jobi,L.       
Cola acuminata,(P.Beauv.) Schott & Endl.    
Cola nitida,(Vent.) Schott & Endl.    
Coldenia procumbens,L.       
Colea colei,(Bojer ex Hook.) M.L.Green    
Colletia paradoxa,(Spreng.) Escal.      
Colletia spinosissima,J.F.Gmel.       
Colocasia esculenta,(L.) Schott      
Colubrina asiatica,(L.) Brongn.      
Colvillea racemosa,Bojer       
Combretum coccineum,(Sonn.) Lam.      
Combretum comosum,G.Don       
Combretum grandiflorum,G.Don       
Combretum indicum,(L.) DeFilipps      
Commelina virginica,L.       
Commiphora gileadensis,(L.) C.Chr.      
Congea tomentosa,Roxb.       
Congea velutina,Wight       
Consolida ajacis,(L.) Schur      
Consolida regalis,Gray       
Convolvulus arvensis,L.       
Conyza sumatrensis,(S.F.Blake) Pruski & G.Sancho    
Corchorus aestuans,L.       
Corchorus capsularis,L.       
Corchorus fascicularis,Lam.       
Corchorus olitorius,L.       
Corchorus tridens,L.       
Corchorus trilocularis,L.       
Cordia africana,Lam.       
Cordia alba,(Jacq.) Roem. & Schult.    
Cordia cylindrostachya,(Ruiz & Pav.) Roem. & Schult.  
Cordia sebestena,L.       
Cordia subcordata,Lam.       
Cordyline australis,(G.Forst.) Endl.      
Cordyline fruticosa,(L.) A.Chev.      
Cordyline stricta,(Sims) Endl.      
Coreopsis grandiflora,Hogg ex Sweet     
Coreopsis lanceolata,L.       
Coreopsis stillmanii,(A.Gray) S.F.Blake      
Coreopsis tinctoria,Nutt.       
Coriandrum sativum,L.       
Cortaderia selloana,(Schult. & Schult.f.) Asch. & Graebn.  
Corymbia calophylla,(R.Br. ex Lindl.) K.D.Hill & L.A.S.Johnson  
Corymbia citriodora,(Hook.) K.D.Hill & L.A.S.Johnson    
Corymbia dichromophloia,(F.Muell.) K.D.Hill & L.A.S.Johnson    
Corymbia ficifolia,(F.Muell.) K.D.Hill & L.A.S.Johnson    
Corymbia maculata,(Hook.) K.D.Hill & L.A.S.Johnson    
Corymbia torelliana,(F.Muell.) K.D.Hill & L.A.S.Johnson    
Corypha umbraculifera,L.       
Cosmos bipinnatus,Cav.       
Cosmos sulphureus,Cav.       
Costus erythrophyllus,Loes.       
Costus malortieanus,H.Wendl.       
Cotoneaster transens,G.Klotz       
Cotula australis,(Sieber ex Spreng.) Hook.f.    
Couroupita guianensis,Aubl.       
Crassocephalum crepidioides,(Benth.) S.Moore      
Crassula coccinea,L.       
Crassula multicava,Lem.       
Crataegus monogyna,Jacq.       
Craterostigma plantagineum,Hochst.       
Crepis sancta,(L.) Bornm.      
Crescentia alata,Kunth       
Crescentia cujete,L.       
Crinum moorei,Hook.f.       
Crocosmia crocosmiiflora,(Lemoine) N.E.Br.      
Crocosmia pottsii,(Baker) N.E.Br.      
Crocus sativus,L.       
Crossostephium chinense,(A.Gray ex L.) Makino    
Crotalaria agatiflora,Schweinf.       
Crotalaria goreensis,Guill. & Perr.     
Crotalaria incana,L.       
Crotalaria juncea,L.       
Crotalaria medicaginea,Lam.       
Crotalaria micans,Link       
Crotalaria pallida,Aiton       
Crotalaria spectabilis,Roth       
Croton bonplandianus,Baill.       
Croton hirtus,L'H?©r.       
Croton tiglium,L.       
Cryosophila nana,(Kunth) Blume      
Cryptanthus zonatus,(Vis.) Beer      
Cryptomeria japonica,(Thunb. ex L.f.) D.Don    
Cryptostegia grandiflora,Roxb. ex R.Br.     
Cryptostegia madagascariensis,Bojer ex Decne.     
Cucurbita maxima,Duchesne       
Cucurbita moschata,Duchesne       
Cucurbita pepo,L.       
Cuminum cyminum,L.       
Cunninghamia lanceolata,(Lamb.) Hook.      
Cupaniopsis anacardioides,(A.Rich.) Radlk.      
Cuphea bustamanta,Lex.       
Cuphea hyssopifolia,Kunth       
Cuphea ignea,A.DC.       
Cuphea lanceolata,W.T.Aiton       
Cuphea llavea,Lex.       
Cuphea melvilla,Lindl.       
Cuphea micropetala,Kunth       
Cuphea procumbens,Ortega       
Cupressus arizonica,Greene       
Cupressus funebris,Endl.       
Cupressus goveniana,Gordon       
Cupressus lusitanica,Mill.       
Cupressus sempervirens,L.       
Curcuma zanthorrhiza,Roxb.       
Cuscuta campestris,Yunck.       
Cuscuta chinensis,Lam.       
Cuscuta pentagona,Engelm.       
Cuscuta planiflora,Ten.       
Cyamopsis tetragonoloba,(L.) Taub.      
Cyanus segetum,Hill       
Cycas revoluta,Thunb.       
Cyclanthera pedata,(L.) Schrad.      
Cyclanthus bipartitus,Poit. ex A.Rich.     
Cyclospermum leptophyllum,(Pers.) Sprague      
Cylindropuntia ramosissima,(Engelm.) F.M.Knuth      
Cymbalaria muralis,"P.Gaertn., B.Mey. & Scherb.    "
Cymbopogon citratus,(DC.) Stapf      
Cymbopogon schoenanthus,(L.) Spreng.      
Cymbopogon winterianus,Jowitt ex Bor     
Cynara cardunculus,L.       
Cynara scolymus,L.       
Cynodon dactylon,(L.) Pers.      
Cynodon plectostachyus,(K.Schum.) Pilg.      
Cynoglossum amabile,Stapf & J.R.Drumm.     
Cynometra cauliflora,L.       
Cyperus alopecuroides,Rottb.       
Cyperus alternifolius,L.       
Cyperus arenarius,Retz.       
Cyperus cruentus,Rottb.       
Cyperus difformis,L.       
Cyperus dubius,Rottb.       
Cyperus esculentus,L.       
Cyperus fuscus,L.       
Cyperus glomeratus,L.       
Cyperus involucratus,Rottb.       
Cyperus iria,L.       
Cyperus longus,L.       
Cyperus michelianus,(L.) Delile      
Cyperus papyrus,L.       
Cyperus prolifer,Lam.       
Cyperus rotundus,L.       
Cyperus sphacelatus,Rottb.       
Cyperus surinamensis,Rottb.       
Cyrtostachys renda,Blume       
Cytisus hirsutus,L.       
Cytisus multiflorus,(L'Her.) Sweet      
Cytisus proliferus,L.f.       
Cytisus scoparius,(L.) Link      
Daboecia cantabrica,(Huds.) K.Koch      
Dactyliandra welwitschii,Hook.f.       
Dactylis glomerata,L.       
Dactyloctenium aegyptium,(L.) Willd.      
Dactyloctenium australe,Steud.       
Dactyloctenium scindicum,Boiss.       
Dahlia coccinea,Cav.       
Dahlia imperialis,Roezl ex Ortgies     
Dahlia pinnata,Cav.       
Dalbergia cultrata,Benth.       
Dalbergia melanoxylon,Guill. & Perr.     
Dalechampia tamifolia,Lam.       
Daphnopsis anomala,(Kunth) Domke      
Datura ferox,L.       
Datura innoxia,Mill.       
Datura metel,L.       
Datura quercifolia,Kunth       
Datura stramonium,L.       
Daucus carota,L.       
Deeringia amaranthoides,(Lam.) Merr.      
Delairea odorata,Lem.       
Delonix elata,(L.) Gamble      
Delonix regia,(Hook.) Raf.      
Delphinium elatum,L.       
Dendrocalamus giganteus,Munro       
Dendrocalamus longispathus,(Kurz) Kurz      
Dendrocalamus membranaceus,Munro       
Dendrocalamus strictus,(Roxb.) Nees      
Dentella repens,(L.) J.R.Forst. & G.Forst.    
Desmanthus virgatus,(L.) Willd.      
Desmodium microphyllum,(Thunb.) DC.      
Desmodium neomexicanum,A.Gray       
Desmodium scorpiurus,(Sw.) Desv.      
Desmodium tortuosum,(Sw.) DC.      
Desmodium triflorum,(L.) DC.      
Desmodium uncinatum,(Jacq.) DC.      
Desmos chinensis,Lour.       
Deutzia gracilis,Siebold & Zucc.     
Deutzia scabra,Thunb.       
Dianella tasmanica,Hook.f.       
Dianthus barbatus,L.       
Dianthus caryophyllus,L.       
Dianthus chinensis,L.       
Dicliptera heterostegia,C.Presl       
Dicliptera paniculata,(Forssk.) I.Darbysh.      
Dicoma incana,(Baker) O.Hoffm.      
Dicoma tomentosa,Cass.       
Dictyosperma album,(Bory) Scheff.      
Dieffenbachia seguine,(Jacq.) Schott      
Dierama pulcherrimum,(Hook.f.) Baker      
Dietes iridioides,(L.) Sweet ex Klatt    
Digera muricata,(L.) Mart.      
Digitalis grandiflora,Mill.       
Digitalis purpurea,L.       
Digitaria ciliaris,(Retz.) Koeler      
Digitaria eriantha,Steud.       
Digitaria longiflora,(Retz.) Pers.      
Digitaria sanguinalis,(L.) Scop.      
Dignathia hirtella,Stapf       
Dillenia bracteata,Wight       
Dillenia pentagyna,Roxb.       
Dillenia suffruticosa,(Griff.) Martelli      
Dimeria ornithopoda,Trin.       
Dimorphotheca pluvialis,(L.) Moench      
Dimorphotheca sinuata,DC.       
Dinebra retroflexa,(Vahl) Panz.      
Dioclea virgata,(Rich.) Amshoff      
Diodella teres,(Walter) Small      
Diospyros discolor,Willd.       
Diospyros kaki,L.f.       
Diplotaxis muralis,(L.) DC.      
Dipterocarpus tuberculatus,Roxb.       
Disocactus flagelliformis,(L.) Barthlott      
Dolichandra unguis-cati,(L.) L.G.Lohmann      
Dolichandrone spathacea,(L.f.) Seem.      
Dombeya acutangula,Cav.       
Dombeya burgessiae,Gerrard ex Harv.     
Dombeya mollis,Hook.       
Dombeya platanifolia,Bojer       
Dombeya spectabilis,Bojer       
Dombeya tiliacea,(Endl.) Planch.      
Dombeya wallichii,(Lindl.) K.Schum.      
Dorotheanthus apetalus,(L.f.) N.E.Br.      
Dorstenia bahiensis,Klotzsch ex Fisch. & C.A.Mey.   
Dorstenia contrajerva,L.       
Dracaena angolensis,(Welw. ex CarriËre) Byng & Christenh  
Dracaena draco,(L.) L.      
Dracaena fragrans,(L.) Ker Gawl.     
Dracaena reflexa,Lam.       
Dracaena surculosa,Lindl.       
Drymaria cordata,(L.) Willd. ex Schult.    
Drymaria villosa,Schltdl. & Cham.     
Duabanga grandiflora,(DC.) Walp.      
Duboisia myoporoides,R.Br.       
Duranta erecta,L.       
Durio zibethinus,L.       
Dypsis decaryi,(Jum.) Beentje & J.Dransf.    
Dypsis lutescens,(H.Wendl.) Beentje & J.Dransf.    
Dypsis madagascariensis,(Becc.) Beentje & J.Dransf.    
Dysphania ambrosioides,(L.) Mosyakin & Clemants    
Dysphania botrys,(L.) Mosyakin & Clemants    
Dysphania carinata,(R.Br.) Mosyakin & Clemants    
Dysphania pumilio,(R.Br.) Mosyakin & Clemants    
Dyssodia tenuiloba,(DC.) B.L.Rob.      
Echeveria elegans,Rose       
Echinochloa colona,(L.) Link      
Echinochloa crus-galli,(L.) P.Beauv.      
Echinochloa crus-pavonis,(Kunth) Schult.      
Echinopsis pachanoi,(Britton & Rose) Friedrich & G.D.Rowley  
Echites umbellatus,Jacq.       
Echium vulgare,L.       
Eclipta prostrata,(L.) L.      
Ehretia microphylla,Lam.       
Ehrharta erecta,Lam.       
Eichhornia crassipes,(Mart.) Solms      
Elaeagnus umbellata,Thunb.       
Elaeis guineensis,Jacq.       
Elatine triandra,Schkuhr       
Eleocharis acicularis,(L.) Roem. & Schult.    
Eleocharis atropurpurea,(Retz.) J.Presl & C.Presl    
Eleocharis parishii,Britton       
Elephantopus scaber,L.       
Eleusine coracana,(L.) Gaertn.      
Eleutheranthera ruderalis,(Sw.) Sch.Bip.      
Eleutherine bulbosa,(Mill.) Urb.      
Elodea canadensis,Michx.       
Emex australis,Steinh.       
Emex spinosa,(L.) Campd.      
Emilia sonchifolia,(L.) DC.      
Enneapogon persicus,Boiss.       
Ensete ventricosum,(Welw.) Cheesman      
Enterolobium contortisiliquum,(Vell.) Morong      
Enterolobium cyclocarpum,(Jacq.) Griseb.      
Epidendrum radicans,Pav. ex Lindl.     
Epiphyllum hookeri,Haw.       
Epiphyllum macropterum,(Lem.) Britton & Rose    
Epiphyllum oxypetalum,(DC.) Haw.      
Epipremnum aureum,(Linden & Andr») G.S.Bunting    
Epipremnum pinnatum,(L.) Engl.      
Episcia cupreata,(Hook.) Hanst.      
Episcia reptans,Mart.       
Eragrostis amabilis,(L.) Wight & Arn.    
Eragrostis atrovirens,(Desf.) Trin. ex Steud.    
Eragrostis cilianensis,(All.) Janch.      
Eragrostis curvula,(Schrad.) Nees      
Eragrostis papposa,(Desf. ex Roem. & Schult.) Steud.  
Eragrostis pilosa,(L.) P.Beauv.      
Eragrostis superba,Peyr.       
Eragrostis tef,(Zucc.) Trotter      
Eranthemum pulchellum,Andrews       
Ercilla spicata,(Vertero) Moq.      
Erechtites valerianifolia,(Link ex Wolf) Less. ex DC.  
Eremochloa ophiuroides,(Munro) Hack.      
Erica arborea,L.       
Erica caffra,L.       
Erica vagans,L.       
Erigeron annuus,(L.) Pers.      
Erigeron bonariensis,L.       
Erigeron canadensis,L.       
Erigeron floribundus,(Kunth) Sch.Bip.      
Erigeron karvinskianus,DC.       
Erigeron sublyratus,Roxb. ex DC.     
Erigeron sumatrensis,Retz.       
Eriobotrya japonica,(Thunb.) Lindl.      
Eriocapitella hupehensis,(….Lemoine) Christenh. & Byng    
Eriocaulon cinereum,R.Br.       
Eriochloa fatmensis,(Hochst. & Steud.) Clayton    
Erodium manescavi,Coss.       
Erodium moschatum,(L.) L'H?©r.      
Erophila verna,(L.) DC.      
Eruca vesicaria,(L.) Cav.      
Eryngium foetidum,L.       
Erysimum cheiri,(L.) Crantz      
Erythranthe lutea,(L.) G.L.Nesom      
Erythrina crista-galli,L.       
Erythrina herbacea,L.       
Erythrina sykesii,Barneby & Krukoff     
Erythroxylum coca,Lam.       
Escallonia bifida,Link & Otto     
Escallonia rubra,(Ruiz & Pav.) Pers.    
Eschscholzia californica,Cham.       
Etlingera elatior,(Jack) R.M.Sm.      
Eucalyptus alba,Reinw. ex Blume     
Eucalyptus ambigua,A.Cunn. ex DC.     
Eucalyptus amygdalina,Labill.       
Eucalyptus baxteri,(Benth.) J.M.Black      
Eucalyptus bigalerita,F.Muell.       
Eucalyptus blakelyi,Maiden       
Eucalyptus bosistoana,F.Muell.       
Eucalyptus botryoides,Sm.       
Eucalyptus bridgesiana,F.Muell. ex R.T.Baker     
Eucalyptus brownii,Maiden & Cambage     
Eucalyptus camaldulensis,Dehnh.       
Eucalyptus cephalocarpa,Blakely       
Eucalyptus cladocalyx,F.Muell.       
Eucalyptus crebra,F.Muell.       
Eucalyptus cypellocarpa,L.A.S.Johnson       
Eucalyptus deglupta,Blume       
Eucalyptus diversicolor,F.Muell.       
Eucalyptus drepanophylla,F.Muell. ex Benth.     
Eucalyptus elata,Dehnh.       
Eucalyptus eugenioides,Sieber ex Spreng.     
Eucalyptus globulus,Labill.       
Eucalyptus grandis,W.Hill ex Maiden     
Eucalyptus leucoxylon,F.Muell.       
Eucalyptus longifolia,Link       
Eucalyptus macarthurii,H.Deane & Maiden     
Eucalyptus megacornuta,C.A.Gardner       
Eucalyptus melliodora,A.Cunn. ex Schauer     
Eucalyptus microcorys,F.Muell.       
Eucalyptus microtheca,F.Muell.       
Eucalyptus moluccana,Wall. ex Roxb.     
Eucalyptus nova-anglica,H.Deane & Maiden     
Eucalyptus ovata,Labill.       
Eucalyptus paniculata,Sm.       
Eucalyptus pauciflora,Sieber ex Spreng.     
Eucalyptus pilularis,Sm.       
Eucalyptus piperita,Sm.       
Eucalyptus polyanthemos,Schauer       
Eucalyptus propinqua,H.Deane & Maiden     
Eucalyptus punctata,A.Cunn. ex DC.     
Eucalyptus racemosa,Cav.       
Eucalyptus regnans,F.Muell.       
Eucalyptus resinifera,Sm.       
Eucalyptus robusta,Sm.       
Eucalyptus rudis,Endl.       
Eucalyptus rummeryi,Maiden       
Eucalyptus saligna,Sm.       
Eucalyptus siderophloia,Benth.       
Eucalyptus sideroxylon,A.Cunn. ex Woolls     
Eucalyptus sieberi,L.A.S.Johnson       
Eucalyptus staigeriana,F.Muell. ex F.M.Bailey     
Eucalyptus tereticornis,Sm.       
Eucalyptus viminalis,Labill.       
Eucalyptus whitei,Maiden & Blakely     
Eucomis autumnalis,(Mill.) Chitt.      
Eucomis comosa,(Houtt.) Wehrh.      
Eugenia uniflora,L.       
Euonymus japonicus,Thunb.       
Eupatorium cannabinum,L.       
Eupatorium capillifolium,(Lam.) Small ex Porter & Britton  
Euphorbia chamaesyce,L.       
Euphorbia cotinifolia,L.       
Euphorbia cyathophora,Murray       
Euphorbia graminea,Jacq.       
Euphorbia grandicornis,Goebel ex N.E.Br.     
Euphorbia helioscopia,L.       
Euphorbia heterophylla,L.       
Euphorbia hirta,L.       
Euphorbia hispida,Boiss.       
Euphorbia hypericifolia,L.       
Euphorbia hyssopifolia,L.       
Euphorbia indica,Lam.       
Euphorbia lacei,Craib       
Euphorbia leucocephala,Lotsy       
Euphorbia marginata,Pursh       
Euphorbia mauritanica,L.       
Euphorbia milii,Des Moul.      
Euphorbia peplus,L.       
Euphorbia prostrata,Aiton       
Euphorbia pulcherrima,Willd. ex Klotzsch     
Euphorbia serpens,Kunth       
Euphorbia thymifolia,L.       
Euphorbia tirucalli,L.       
Euphorbia tithymaloides,L.       
Euphorbia umbellata,(Pax) Bruyns      
Euryops pectinatus,(L.) Cass.      
Euterpe edulis,Mart.       
Evolvulus glomeratus,Nees & C. Mart.    
Evolvulus nummularius,(L.) L.      
Excoecaria cochinchinensis,Lour.       
Fagonia bruguieri,DC.       
Fagopyrum esculentum,Moench       
Fagus sylvatica,L.       
Falcataria moluccana,(Miq.) Barneby & J.W.Grimes    
Farfugium japonicum,(L.) Kitam.      
Farsetia heliophila,Bunge ex Coss.     
Felicia amelloides,(L.) Voss      
Felicia bergeriana,(Spreng.) O.Hoffm.      
Felicia heterophylla,(Cass.) Grau      
Fernandoa adenophylla,(Wall. ex G.Don) Steenis    
Festuca ovina,L.       
Ficus carica,L.       
Ficus lyrata,Warb.       
Ficus macrophylla,Desf. ex Pers.     
Ficus palmata,Forssk.       
Ficus pumila,L.       
Ficus racemosa,L.       
Filicium decipiens,(Wight & Arn.) Thwaites    
Fimbristylis cymosa,R.Br.       
Fimbristylis littoralis,Gaudich.       
Flacourtia indica,(Burm.f.) Merr.      
Flaveria australasica,Hook.       
Flaveria bidentis,(L.) Kuntze      
Flaveria trinervia,(Spreng.) C.Mohr      
Flindersia australis,R.Br.       
Foeniculum vulgare,Mill.       
Fragaria vesca,L.       
Fraxinus uhdei,(Wenz.) Lingelsh.      
Freesia refracta,(Jacq.) Klatt      
Fuchsia boliviana,CarriÀre       
Fuchsia fulgens,Moc. & Sess?© ex DC.   
Fuchsia hybrida,Voss       
Fuchsia magellanica,Lam.       
Fuchsia paniculata,Lindl.       
Fuchsia regia,(Vand. ex Vell.) Munz    
Fumaria indica,(Hausskn.) Pugsley      
Fumaria officinalis,L.       
Funtumia africana,(Benth.) Stapf      
Furcraea foetida,(L.) Haw.      
Furcraea selloa,K.Koch       
Gaillardia aristata,Pursh       
Gaillardia picta,Sweet       
Gaillardia pulchella,Foug.       
Galinsoga parviflora,Cav.       
Galinsoga quadriradiata,Ruiz & Pav.     
Galium palustre,L.       
Galphimia glauca,Cav.       
Galphimia gracilis,Bartl.       
Garcinia livingstonei,T.Anderson       
Garcinia madruno,(Kunth) Hammel      
Garcinia mangostana,L.       
Gardenia jasminoides,J.Ellis       
Gardenia thunbergia,Thunb.       
Gardenia volkensii,K.Schum.       
Gazania linearis,(Thunb.) Druce      
Gazania rigens,(L.) Gaertn.      
Geijera parviflora,Lindl.       
Genista canariensis,L.       
Genista monspessulana,(L.) L.A.S.Johnson      
Gentiana quadrifaria,Blume       
Gerbera jamesonii,Bolus ex Hook.f.     
Gigantochloa albociliata,(Munro) Kurz      
Gigantochloa atter,(Hassk.) Kurz      
Gigantochloa verticillata,(Willd.) Munro      
Ginkgo biloba,L.       
Gisekia pharnaceoides,L.       
Gladiolus dalenii,Van Geel      
Gladiolus undulatus,L.       
Glandularia aristigera,(S.Moore) Tronc.      
Glandularia bipinnatifida,(Schauer) Nutt.      
Glandularia laciniata,(L.) Schnack & Covas    
Glandularia peruviana,(L.) Small      
Glebionis coronaria,(L.) Cass. ex Spach    
Glebionis segetum,(L.) Fourr.      
Gleditsia macracantha,Desf.       
Gleditsia sinensis,Lam.       
Gleditsia triacanthos,L.       
Glinus oppositifolius,(L.) Aug.DC.      
Gliricidia sepium,(Jacq.) Walp.      
Gloriosa superba,L.       
Glossocardia bosvallia,(L.f.) DC.      
Gloxinia perennis,(L.) Druce      
Glycine max,(L.) Merr.      
Gmelina asiatica,L.       
Gmelina philippensis,Cham.       
Gnaphalium coarctatum,Willd.       
Gnaphalium pensylvanicum,Willd.       
Gnaphalium polycaulon,Pers.       
Gnaphalium purpureum,L.       
Gomphocarpus fruticosus,(L.) W.T.Aiton      
Gomphocarpus physocarpus,E.Mey.       
Gomphrena celosioides,Mart.       
Gomphrena globosa,L.       
Gomphrena serrata,L.       
Goniocaulon indicum,(Klein ex Willd.) Benth ex C.B.Clarke  
Gossypium barbadense,L.       
Gossypium herbaceum,L.       
Gossypium hirsutum,L.       
Gossypium stocksii,Mast.       
Grangea maderaspatana,(L.) Poir.      
Graptophyllum pictum,(L.) Griff.      
Grevillea banksii,R.Br.       
Grevillea bipinnatifida,R.Br.       
Grevillea hilliana,F.Muell.       
Grevillea robusta,A.Cunn. ex R.Br.     
Grevillea speciosa,(Knight) McGill.      
Guadua angustifolia,Kunth       
Guaiacum officinale,L.       
Guazuma ulmifolia,Lam.       
Guizotia abyssinica,(L.f.) Cass.      
Gustavia augusta,L.       
Gustavia gracillima,Miers       
Gustavia superba,(Kunth) O.Berg      
Gymnocladus dioica,(L.) K.Koch      
Gymnocoronis spilanthoides,(D.Don ex Hook. & Arn.) DC.  
Gynatrix pulchella,(Willd.) Alef.      
Gynura aurantiaca,(Blume) Sch.Bip. ex DC.    
Gypsophila elegans,M.Bieb.       
Gypsophila muralis,L.       
Gypsophila paniculata,L.       
Gyrinops walla,Gaertn.       
Habranthus tubispathus,(L'H»r.) Traub      
Hackelochloa granularis,(L.) Kuntze      
Haemanthus coccineus,L.       
Haematoxylum campechianum,L.       
Hakea laurina,R.Br.       
Hakea salicifolia,(Vent.) B.L.Burtt      
Hakea sericea,Schrad. & J.C.Wendl.     
Halopyrum mucronatum,(L.) Stapf      
Hamelia patens,Jacq.       
Handroanthus chrysanthus,(Jacq.) S.O.Grose      
Handroanthus chrysotrichus,(Mart. ex DC.) Mattos    
Handroanthus impetiginosus,(Mart. ex DC.) Mattos    
Handroanthus serratifolius,(Vahl) S.O.Grose      
Hardenbergia comptoniana,(Andrews) Benth.      
Harrisia bonplandii,(Parm.) Britton & Rose    
Harrisia pomanensis,(F.A.C. Weber ex K. Schum.) Britton & Rose
Haworthia coarctata,Haw.       
Hedera helix,L.       
Hedychium coronarium,J.Koenig       
Helianthus annuus,L.       
Helianthus debilis,Nutt.       
Helianthus pauciflorus,Nutt.       
Helianthus tuberosus,L.       
Helichrysum bracteatum,(Venten.) Willd.      
Heliconia angusta,Vell.       
Heliconia bihai,(L.) L.      
Heliconia psittacorum,L.f.       
Heliconia rostrata,Ruiz & Pav.     
Heliotropium arborescens,L.       
Heliotropium curassavicum,L.       
Heliotropium indicum,L.       
Heliotropium subulatum,Hochst. ex DC.     
Heliotropium zeylanicum,(Burm.f.) Lam.      
Hemerocallis fulva,(L.) L.      
Hemerocallis lilioasphodelus,L.       
Hemigraphis alternata,(Burm.f.) T.Anderson      
Herissantia crispa,(L.) Brizicky      
Hesperis matronalis,L.       
Heterotis rotundifolia,(Sm.) Jacq.-F?©l.      
Hevea brasiliensis,(Willd. ex A.Juss.) M∏ll.Arg.    
Hibiscus arnottianus,A. Gray      
Hibiscus brackenridgei,A.Gray       
Hibiscus cannabinus,L.       
Hibiscus elatus,Sw.       
Hibiscus liliiflorus,Cav.       
Hibiscus micranthus,L.f.       
Hibiscus mutabilis,L.       
Hibiscus pandurIformis,Burm. f.      
Hibiscus rosa-sinensis,L.       
Hibiscus sabdariffa,L.       
Hibiscus schizopetalus,(Dyer) Hook.f.      
Hibiscus syriacus,L.       
Hibiscus trionum,L.       
Hibiscus vitifolius,L.       
Hieracium crocatum,Fr.       
Hippeastrum puniceum,(Lam.) Voss      
Hippeastrum reginae,(L.) Herb.      
Hippeastrum striatum,(Lam.) H.E.Moore      
Hippeastrum vittatum,(L'H»r.) Herb.      
Hippobroma longiflora,(L.) G.Don      
Hippuris vulgaris,L.       
Holarrhena floribunda,(G.Don) T.Durand & Schinz    
Holmskioldia sanguinea,Retz.       
Homalium bhamoense,Cubitt & W.W.Sm.     
Homalium ceylanicum,(Gardner) Benth.      
Homalocladium platycladum,(F.Muell.) L.H.Bailey      
Hordeum vulgare,L.       
Hovenia dulcis,Thunb.       
Howea forsteriana,(F.Muell.) Becc.      
Hoya carnosa,(L.f.) R.Br.      
Humulus lupulus,L.       
Hura crepitans,L.       
Hydrangea macrophylla,(Thunb.) Ser.      
Hydrocharis dubia,(Blume) Backer      
Hymenaea verrucosa,Gaertn.       
Hymenocallis littoralis,(Jacq.) Salisb.      
Hymenosporum flavum,(Hook.) F.Muell.      
Hyophorbe amaricaulis,Mart.       
Hyophorbe verschaffeltii,H.Wendl.       
Hyoscyamus niger,L.       
Hypericum androsaemum,L.       
Hypericum monogynum,L.       
Hypericum patulum,Thunb.       
Hyphaene thebaica,(L.) Mart.      
Hypochaeris glabra,L.       
Hypochaeris radicata,L.       
Hypoestes sanguinolenta,(Van Houtte) Hook. f.    
Hyptis capitata,Jacq.       
Hyptis pectinata,(L.) Poit.      
Hyptis suaveolens,(L.) Poit.      
Iberis amara,L.       
Iberis umbellata,L.       
Ilex aquifolium,L.       
Ilex cornuta,Lindl. & Paxton     
Ilex opaca,Aiton       
Impatiens balsamina,L.       
Impatiens repens,Moon ex Wight     
Impatiens walleriana,Hook.f.       
Imperata cylindrica,(L.) Raeusch.      
Indigofera arrecta,A.Rich.       
Indigofera linnaei,Ali       
Indigofera spicata,Forssk.       
Indigofera trita,L.f.       
Iochroma cyaneum,(Lindl.) G.H.M. Lawr. & J.M. Tucker  
Ipomoea alba,L.       
Ipomoea arborescens,(Humb. & Bonpl. ex Willd.) G. Don 
Ipomoea asarifolia,(Desr.) Roem. & Schult.    
Ipomoea batatas,(L.) Lam.      
Ipomoea cairica,(L.) Sweet      
Ipomoea carnea,Jacq.       
Ipomoea coptica,(L.) Roth ex Roem. & Schult.  
Ipomoea eriocarpa,R. Br.      
Ipomoea grandifolia,(Dammer) O'Donell      
Ipomoea hederifolia,L.       
Ipomoea horsfalliae,Hook.       
Ipomoea indica,(Burm.) Merr.      
Ipomoea lobata,(Cerv.) Thell.      
Ipomoea mauritiana,Jacq.       
Ipomoea muricata,(L.) Jacq.      
Ipomoea nil,(L.) Roth      
Ipomoea obscura,(L.) Ker Gawl.     
Ipomoea parasitica,(Kunth) G. Don     
Ipomoea pes-caprae,(L.) R. Br.     
Ipomoea pes-tigridis,L.       
Ipomoea purga,(Wender.) Hayne      
Ipomoea purpurea,(L.) Roth      
Ipomoea quamoclit,L.       
Ipomoea rubriflora,O'Donell       
Ipomoea tricolor,Cav.       
Ipomoea triloba,L.       
Ipomoea violacea,L.       
Ipomoea wolcottiana,Rose       
Iresine herbstii,Hook.       
Iris albicans,Lange       
Iris domestica,(L.) Goldblatt & Mabb.    
Iris germanica,L.       
Iris japonica,Thunb.       
Iris pallida,Lam.       
Iris pseudacorus,L.       
Iris reticulata,M.Bieb.       
Iris spuria,L.       
Iris tectorum,Maxim.       
Iris unguicularis,Poir.       
Iseilema laxum,Hack.       
Ixora casei,Hance       
Ixora chinensis,Lam.       
Ixora finlaysoniana,Wall. ex G.Don     
Ixora javanica,(Blume) DC.      
Ixora macrothyrsa,(Teijsm. & Binn.) T.Moore    
Jacaranda acutifolia,Bonpl.       
Jacaranda mimosifolia,D. Don      
Jacobaea maritima,(L.) Pelser & Meijden    
Jacobinia ghiesbreghtiana,(Lem.) Hemsl.      
Jacquemontia ovalifolia,(Choisy) Hallier f.     
Jacquinia aculeata,(L.) Mez      
Jacquinia arborea,Vahl       
Jacquinia armillaris,Jacq.       
Jasminum azoricum,L.       
Jasminum bignoniaceum,Wall. & G.Don     
Jasminum grandiflorum,L.       
Jasminum laurifolium,Roxb. ex Hornem.     
Jasminum mesnyi,Hance       
Jasminum odoratissimum,L.       
Jasminum polyanthum,Franch.       
Jatropha curcas,L.       
Jatropha glandulifera,Roxb.       
Jatropha gossypiifolia,L.       
Jatropha hernandiifolia,Vent.       
Jatropha integerrima,Jacq.       
Jatropha multifida,L.       
Jatropha podagrica,Hook.       
Joannesia princeps,Vell.       
Juglans regia,L.       
Juncus maritimus,Lam.       
Juniperus bermudiana,L.       
Juniperus chinensis,L.       
Juniperus communis,L.       
Juniperus deppeana,Steud.       
Juniperus oxycedrus,L.       
Juniperus phoenicea,L.       
Juniperus procera,Hochst. ex Endl.     
Juniperus scopulorum,Sarg.       
Justicia brandegeeana,Wassh. & L.B.Sm.     
Justicia carnea,Lindl.       
Justicia gendarussa,Burm.f.       
Justicia secunda,Vahl       
Kaempferia elegans,(Wall.) Baker      
Kalanchoe blossfeldiana,Poelln.       
Kalanchoe daigremontiana,Raym.-Hamet & H. Perrier    
Kalanchoe integra,(Medik.) Kuntze      
Kalanchoe laciniata,(L.) DC.      
Kalanchoe marmorata,Baker       
Kalanchoe velutina,Welw. ex Britten     
Kallstroemia pubescens,(G.Don) Dandy      
Kerria japonica,(L.) DC.      
Khaya grandifoliola,C.DC.       
Khaya senegalensis,(Desv.) A.Juss.      
Kigelia africana,(Lam.) Benth.      
Kleinhovia hospita,L.       
Kniphofia uvaria,(L.) Oken      
Koeleria macrantha,(Ledeb.) Schult.      
Koelreuteria elegans,(Seem.) A.C.Sm.      
Koelreuteria paniculata,Laxm.       
Kopsia fruticosa,(Roxb.) A.DC.      
Kyllinga polyphylla,Willd. ex Kunth     
Lablab purpureus,(L.) Sweet      
Laburnum anagyroides,Medik.       
Lafoensia vandelliana,Cham. & Schltdl.     
Lagascea mollis,Cav.       
Lagenaria siceraria,(Molina) Standl.      
Lagerstroemia duperreana,Pierre ex Gagnep.     
Lagerstroemia floribunda,Jack.       
Lagerstroemia indica,L.       
Lagerstroemia speciosa,(L.) Pers.      
Lagerstroemia thorelii,Gagnep.       
Lagerstroemia tomentosa,C. Presl      
Lagerstroemia turbinata,Koehne       
Laggera aurita,Benth. ex C.B.Clarke     
Lagurus ovatus,L.       
Lampranthus spectabilis,(Haw.) N.E. Br.     
Lantana camara,L.       
Lantana canescens,Kunth       
Lantana involucrata,L.       
Lantana montevidensis,(Spreng.) Briq.      
Lantana nivea,Vent.       
Lantana scabrida,Aiton       
Lantana splendens,Medik.       
Lantana trifolia,L.       
Lantana veronicifolia,Hayek       
Laportea aestuans,(L.) Chew      
Latania lontaroides,(Gaertn.) H.E.Moore      
Lathyrus aphaca,L.       
Lathyrus odoratus,L.       
Lathyrus sativus,L.       
Launaea intybacea,(Jacq.) Beauverd      
Laurus nobilis,L.       
Lavandula angustifolia,Mill.       
Lawsonia inermis,L.       
Leea guineense,G.Don       
Leersia hexandra,Sw.       
Lemna perpusilla,Torr.       
Lemna turionifera,Landolt       
Lens culinaris,Medik.       
Leonotis leonurus,(L.) R.Br.      
Leonotis nepetifolia,(L.) R.Br.      
Lepidaploa arborescens,(L.) H.Rob.      
Lepidium didymum,L.       
Lepidium ruderale,L.       
Lepidium sativum,L.       
Lepidium virginicum,L.       
Lepisanthes fruticosa,(Roxb.) Leenh.      
Leptospermum polygalifolium,Salisb.       
Leptospermum scoparium,J.R.Forst. & G.Forst.     
Leptospermum trinervium,(Sm.) Joy Thomps.     
Leptospron adenanthum,(G.Mey.) A.Delgado      
Leptothrium senegalense,(Kunth) Clayton      
Lespedeza bicolor,Turcz.       
Leucadendron argenteum,(L.) R. Br.     
Leucaena diversifolia,(Schltdl.) Benth.      
Leucaena leucocephala,(Lam.) de Wit     
Leucanthemum vulgare,(Vaill.) Lam.      
Leucas martinicensis,(Jacq.) R.Br.      
Leucojum aestivum,L.       
Leucophyllum frutescens,(Berland.) I.M. Johnst.     
Licania platypus,(Hemsl.) Fritsch      
Licuala grandis,H.Wendl.       
Licuala spinosa,Wurmb       
Ligustrum lucidum,W.T.Aiton       
Lilium lancifolium,Thunb.       
Limnanthes douglasii,R. Br.      
Limnocharis flava,(L.) Buchenau      
Limonium sinuatum,(L.) Mill.      
Linaria incarnata,(Vent.) Spreng.      
Linaria purpurea,(L.) Mill.      
Linum grandiflorum,Desf.       
Linum usitatissimum,L.       
Lippia alba,(Mill.) N.E.Br. ex Britton & P.Wilson  
Liquidambar formosana,Hance       
Liquidambar styraciflua,L.       
Liriodendron tulipifera,L.       
Litchi chinensis,Sonn.       
Livistona australis,(R.Br.) Mart.      
Livistona chinensis,(Jacq.) R.Br. ex Mart.    
Lobelia chinensis,Lour.       
Lobelia erinus,L.       
Lobularia maritima,(L.) Desv.      
Lodoicea maldivica,(J.F.Gmel.) Pers.      
Lolium multiflorum,Lam.       
Lolium perenne,L.       
Lolium temulentum,L.       
Lonchocarpus capassa,Rolfe       
Lonchocarpus cultratus,(Vell.) A.M.G. Azevedo & H.C. Lima  
Lonchocarpus guillemineanus,(Tul.) Malme      
Lonchocarpus sericeus,(Poir.) DC.      
Lonicera caprifolium,L.       
Lonicera confusa,DC.       
Lonicera etrusca,Santi       
Lonicera japonica,Thunb.       
Lonicera periclymenum,L.       
Lonicera sempervirens,L.       
Lophospermum erubescens,D.Don       
Lophospermum scandens,D. Don      
Lophostemon confertus,(R.Br.) Peter G.Wilson & J.T.Waterh.   
Lotus jacobaeus,L.       
Ludwigia erecta,(L.) H.Hara      
Ludwigia hyssopifolia,(G.Don) Exell      
Ludwigia peruviana,(L.) H.Hara      
Ludwigia sedioides,(Humb. & Bonpl.) H.Hara    
Luehea candida,(Moc. & Sess?© ex DC.) Mart.  
Lupinus albus,L.       
Lupinus perennis,L.       
Lupinus pilosus,L.       
Lupinus polyphyllus,Lindl.       
Lycium barbarum,L.       
Lycium europaeum,L.       
Lycopersicon lycopersicum,(L.) H.Karst.      
Lycopus europaeus,L.       
Lygeum spartum,Loefl. ex L.     
Lysiloma latisiliquum,(L.) Benth.      
Lythrum salicaria,L.       
Maclura pomifera,(Raf.) C.K.Schneid.      
Macroptilium atropurpureum,(DC.) Urb.      
Macroptilium lathyroides,(L.) Urb.      
Macrotyloma uniflorum,(Lam.) Verdc.      
Maesopsis eminii,Engl.       
Magnolia figo,(Lour.) DC.      
Magnolia grandiflora,L.       
Magnolia liliifera,(L.) Baill.      
Magnolia liliiflora,Desr.       
Malachra capitata,(L.) L.      
Malpighia coccigera,L.       
Malpighia emarginata,DC.       
Malpighia glabra,L.       
Malus pumila,Mill.       
Malus sylvestris,(L.) Mill.      
Malva ludwigii,"(L.) Soldano, Banfi & Galasso   "
Malva multiflora,"(Cav.) Soldano, Banfi & Galasso   "
Malva neglecta,Wallr.       
Malva parviflora,L.       
Malva sylvestris,L.       
Malvastrum coromandelianum,(L.) Garcke      
Malvaviscus arboreus,Cav.       
Malvaviscus penduliflorus,Moc. & Sess?© ex DC.   
Mammea americana,L.       
Mandevilla boliviensis,(Hook.f.) Woodson      
Mandevilla laxa,(Ruiz & Pav.) Woodson    
Manettia cordifolia,Mart.       
Manihot anomala,Pohl       
Manihot dichotoma,Ule       
Manihot esculenta,Crantz       
Manihot grahamii,Hook.       
Manilkara kauki,(L.) Dubard      
Manilkara zapota,(L.) P.Royen      
Mansoa alliacea,(Lam.) A.H.Gentry      
Mansoa hymenaea,(DC.) A.H.Gentry      
Maranta cristata,Nees & Mart.     
Markhamia lutea,(Benth.) K.Schum.      
Markhamia stipulata,(Wall.) Seem.      
Marsilea quadrifolia,L.       
Martynia annua,L.       
Mascarenhasia arborescens,A.DC.       
Matthiola incana,(L.) R.Br.      
Maurandya barclayana,Lindl.       
Maurandya scandens,(Cav.) Pers.      
Mecardonia procumbens,(Mill.) Small      
Medicago lupulina,L.       
Medicago polymorpha,L.       
Medicago sativa,L.       
Melaleuca alternifolia,(Maiden & Betche) Cheel    
Melaleuca armillaris,(Sol. ex Gaertn.) Sm.    
Melaleuca bracteata,F.Muell.       
Melaleuca hypericifolia,Sm.       
Melaleuca leucadendra,(L.) L.      
Melaleuca nesophila,F.Muell.       
Melaleuca quinquenervia,(Cav.) S.T.Blake      
Melaleuca styphelioides,Sm.       
Melampodium divaricatum,(Rich. ex Rich.) DC.    
Melanthera micrantha,(Nutt.) W.L.Wagner & H.Rob.    
Melia azedarach,L.       
Melianthus major,L.       
Melica minuta,L.       
Melicope denhamii,(Seem.) T.G.Hartley      
Melilotus albus,Medik.       
Melilotus indicus,(L.) All.      
Melilotus officinalis,(Medik.) H.Ohashi & Tateishi    
Melinis minutiflora,P.Beauv.       
Melinis repens,(Willd.) Zizka      
Melocalamus compactiflorus,(Kurz) Benth.      
Melochia corchorifolia,L.       
Melochia nodiflora,Sw.       
Melochia pyramidata,L.       
Mentha aquatica,L.       
Mentha arvensis,L.       
Mentha piperita,L.       
Mentha spicata,L.       
Meriandra dianthera,(Roth ex Roem. & Schult.) Briq.  
Merremia aegyptia,(L.) Urb.      
Merremia dissecta,(Jacq.) Hallier f.     
Merremia peltata,(L.) Merr.      
Merremia quinata,(R. Br.) Ooststr.     
Merremia quinquefolia,(L.) Hallier f.     
Merremia tuberosa,(L.) Rendle      
Mesembryanthemum cordifolium,L.f.       
Mesembryanthemum crystallinum,L.       
Micrococca mercurialis,(L.) Benth.      
Micromelum falcatum,(Lour.) Tanaka      
Mikania cordata,(Burm.f.) B.L.Rob.      
Mikania micrantha,Kunth       
Milicia excelsa,(Welw.) C.C.Berg      
Millettia brandisiana,Kurz       
Millettia peguensis,Ali       
Millingtonia hortensis,L.f.       
Mimosa diplotricha,C. Wright      
Mimosa distachya,Cav.       
Mimosa invisa,Colla       
Mimosa pigra,L.       
Mimosa pudica,L.       
Mimulus luteus,L.       
Mirabilis jalapa,L.       
Mirabilis longiflora,L.       
Mirabilis viscosa,Cav.       
Mitracarpus hirtus,(L.) DC.      
Modiola caroliniana,(L.) G.Don      
Molineria capitulata,(Lour.) Herb.      
Moltkia suffruticosa,(L.) Hegi      
Monarda fistulosa,L.       
Monechma debile,(Forssk.) Nees      
Monochoria vaginalis,(Burm.f.) C.Presl      
Monstera deliciosa,Liebm.       
Montanoa bipinnatifida,(Kunth) K.Koch      
Montanoa grandiflora,(DC.) Sch.Bip. ex Hemsl.    
Moringa oleifera,Lam.       
Morus alba,L.       
Morus nigra,L.       
Muehlenbeckia platyclados,(F.Muell.) Meisn.      
Muntingia calabura,L.       
Muraltia juniperifolia,DC.       
Musa basjoo,Siebold & Zucc. ex Iinuma   
Musa paradisiaca,L.       
Musa textilis,N»e       
Mussaenda erythrophylla,Schumach. & Thonn.     
Mussaenda frondosa,L.       
Mussaenda glabrata,(Hook.f.) Hutch. ex Gamble    
Mussaenda philippica,A.Rich.       
Myosotis laxa,Lehm.       
Myosotis scorpioides,L.       
Myriophyllum aquaticum,(Vell.) Verdc.      
Myristica fragrans,Houtt.       
Myroxylon balsamum,(L.) Harms      
Myrtus communis,L.       
Nageia wallichiana,(C.Presl) Kuntze      
Nandina domestica,Thunb.       
Narcissus pseudonarcissus,L.       
Narcissus tazetta,L.       
Nasturtium officinale,R.Br.       
Nauclea orientalis,(L.) L.      
Nemesia strumosa,Benth.       
Nemesia versicolor,E. Mey. ex Benth.    
Nemophila menziesii,(Benth.) Brand      
Neolamarckia cadamba,(Roxb.) Bosser      
Neomarica gracilis,(Herb.) Sprague      
Nephelium lappaceum,L.       
Neptunia plena,(L.) Benth.      
Nerine undulata,(L.) Herb.      
Nerium oleander,L.       
Nicandra physalodes,(L.) Gaertn.      
Nicotiana alata,Link & Otto     
Nicotiana glauca,Graham       
Nicotiana plumbaginifolia,Viv.       
Nicotiana rustica,L.       
Nicotiana sanderae,W. Watson      
Nicotiana tabacum,L.       
Nierembergia linariifolia,Graham       
Nigella damascena,L.       
Nigella sativa,L.       
Noltea africana,(L.) Rchb. f.     
Nopalea cochenillifera,(L.) Salm-Dyck      
Nothosaerva brachiata,(L.) Wight      
Nuphar japonica,DC.       
Nyctanthes arbor-tristis,L.       
Nymphaea alba,L.       
Nymphaea lotus,L.       
Nymphaea mexicana,Zucc.       
Nymphaea nouchali,Burm.f.       
Nymphaea odorata,Aiton       
Nymphaea omarana,Bisset       
Nymphoides indica,(L.) Kuntze      
Ochna atropurpurea,DC.       
Ochna kirkii,Oliv.       
Ochna serrulata,Walp.       
Ochna thomasiana,Engl. & Gilg     
Ochroma pyramidale,(Cav. ex Lam.) Urb.    
Ochrosia elliptica,Labill.       
Ocimum africanum,Lour.       
Ocimum americanum,L.       
Ocimum basilicum,L.       
Ocimum gratissimum,L.       
Ocimum kilimandscharicum,G?∫rke       
Odontadenia macrantha,(Roem. & Schult.) Markgr.    
Oenothera biennis,L.       
Oenothera drummondii,Hook.       
Oenothera glazioviana,Micheli       
Oenothera laciniata,Hill       
Oenothera odorata,Jacq.       
Oenothera rosea,L'H»r. ex Aiton     
Oenothera stricta,Ledeb. ex Link     
Oenothera tetraptera,Cav.       
Oldenlandia corymbosa,L.       
Oldenlandia ovatifolia,(Cav.) DC.      
Oldenlandia tenelliflora,(Blume) Kuntze      
Olea europaea,L.       
Oncoba spinosa,Forssk.       
Onopordum acanthium,L.       
Ophiopogon jaburan,(Siebold) Lodd.      
Opilia amentacea,Roxb.       
Opuntia cochenillifera,(L.) Mill.      
Opuntia dillenii,(Ker Gawl.) Haw.     
Opuntia elatior,Mill.       
Opuntia ficus-indica,(L.) Mill.      
Opuntia monacantha,(Willd.) Haw.      
Opuntia stricta,(Haw.) Haw.      
Origanum majorana,L.       
Origanum vulgare,L.       
Ormocarpum trachycarpum,(Taub.) Harms      
Ornithogalum arabicum,L.       
Ornithogalum conicum,Jacq.       
Orobanche crenata,Forssk.       
Oryza barthii,A.Chev.       
Oryza latifolia,Desv.       
Oryza punctata,Kotschy ex Steud.     
Osmoxylon lineare,(Merr.) Philipson      
Osteospermum ecklonis,(DC.) Norl.      
Ottelia alismoides,(L.) Pers.      
Oxalis corniculata,L.       
Oxalis debilis,Kunth       
Oxalis dehradunensis,Raizada       
Oxalis deppei,Lodd. ex Sweet     
Oxalis latifolia,Kunth       
Oxalis pes-caprae,L.       
Oxalis purpurea,L.       
Oxalis rosea,Jacq.       
Oxalis spiralis,Ruiz & Pav. ex G.Don   
Oxalis tetraphylla,Cav.       
Oxalis triangularis,A. St.-Hil.      
Oxalis variabilis,Jacq.       
Oxalis violacea,L.       
Oxygonum sinuatum,(Hochst. & Steud ex Meisn.) Dammer  
Oxytenanthera abyssinica,(A.Rich.) Munro      
Pachira aquatica,Aubl.       
Pachyrhizus erosus,(L.) Urb.      
Pachystachys coccinea,(Aubl.) Nees      
Pachystachys lutea,Nees       
Pandanus odorifer,(Forssk.) Kuntze      
Pandorea jasminoides,(Lindl.) K.Schum.      
Panicum coloratum,L.       
Panicum hippothrix,K.Schum. ex Engl.     
Panicum maximum,Jacq.       
Panicum turgidum,Forssk.       
Papaver fugax,Poir.       
Papaver macrostomum,Boiss. & A.Huet     
Papaver rhoeas,L.       
Papaver somniferum,L.       
Parapiptadenia rigida,(Benth.) Brenan      
Paraserianthes lophantha,(Willd.) I.C.Nielsen      
Parinari excelsa,Sabine       
Parkia biglandulosa,Wight & Arn.     
Parkinsonia aculeata,L.       
Parmentiera cereifera,Seem.       
Parthenium hysterophorus,L.       
Paspalum conjugatum,P.J.Bergius       
Paspalum dilatatum,Poir.       
Paspalum distichum,L.       
Paspalum notatum,Fl?∫gg?©       
Paspalum plicatulum,Michx.       
Paspalum urvillei,Steud.       
Passiflora antioquiensis,H. Karst.      
Passiflora biflora,Lam.       
Passiflora caerulea,L.       
Passiflora calcarata,Mast.       
Passiflora ciliata,Aiton       
Passiflora coccinea,Aubl.       
Passiflora edulis,Sims       
Passiflora foetida,L.       
Passiflora gracilis,J.Jacq. ex Link     
Passiflora holosericea,L.       
Passiflora kermesina,Link & Otto     
Passiflora laurifolia,L.       
Passiflora ligularis,Juss.       
Passiflora mollissima,(Kunth) L.H.Bailey      
Passiflora morifolia,Mast.       
Passiflora quadrangularis,L.       
Passiflora racemosa,Brot.       
Passiflora stipulata,Aubl.       
Passiflora suberosa,L.       
Passiflora subpeltata,Ortega       
Passiflora vitifolia,Kunth       
Paulownia tomentosa,Steud.       
Pavonia hastata,Cav.       
Pedalium murex,L.       
Pelargonium capitatum,(L.) L'H?©r.      
Pelargonium cucullatum,(L.) L'H?©r.      
Pelargonium domesticum,L.H. Bailey      
Pelargonium graveolens,L'H?©r.       
Pelargonium grossularioides,(L.) L'H?©r.      
Pelargonium hortorum,L.H. Bailey      
Pelargonium inquinans,(L.) L'H?©r.      
Pelargonium peltatum,(L.) L'H?©r.      
Pelargonium quercifolium,(L. f.) L'H?©r.     
Pelargonium radens,H.E. Moore      
Pelargonium zonale,(L.) L'H?©r. ex Aiton    
Peltophorum africanum,Sond.       
Peltophorum dasyrrhachis,(Pierre) K.Larsen & S.S.Larsen    
Peltophorum dubium,(Spreng.) Taub.      
Pennisetum clandestinum,Hochst. ex Chiov.     
Pennisetum glaucum,(L.) R.Br.      
Pennisetum pedicellatum,Trin.       
Pennisetum polystachyum,       
Pennisetum purpureum,Schumach.       
Penstemon azureus,Benth.       
Penstemon campanulatus,(Cav.) Willd.      
Penstemon rubicundus,D.D. Keck      
Pentalinon luteum,(L.) B.F.Hansen & Wunderlin    
Pentapetes phoenicea,L.       
Pentas lanceolata,(Forssk.) Deflers      
Pentas zanzibarica,(Klotzsch) Vatke      
Peperomia argyreia,(Hook.f.) E.Morren      
Peperomia pellucida,(L.) Kunth      
Pereskia aculeata,Mill.       
Pereskia bleo,(Kunth) DC.      
Pereskia grandiflora,Pfeiff.       
Pericallis cruenta,(L'H»r.) Bolle      
Pericallis hybrida,(Regel) B.Nord.      
Peristeria elata,Hook.       
Persea americana,Mill.       
Persea macrantha,(Nees) Kosterm.      
Persicaria barbata,(L.) H.Hara      
Persicaria chinensis,(L.) H. Gross     
Persicaria hydropiper,(L.) Delarbre      
Petiveria alliacea,L.       
Petrea volubilis,L.       
Petunia axillaris,"(Lam.) Britton, Sterns & Poggenb.   "
Petunia integrifolia,(Hook.) Schinz & Thell.    
Petunia nyctaginiflora,Juss.       
Petunia violacea,Lindl.       
Phaedranassa dubia,(Kunth) J.F.Macbr.      
Phalaris aquatica,L.       
Phalaris arundinacea,L.       
Phalaris minor,Retz.       
Phaseolus lunatus,L.       
Phaseolus vulgaris,L.       
Philadelphus coronarius,L.       
Philenoptera violacea,(Klotzsch) Schrire      
Phlox drummondii,Hook.       
Phoenix canariensis,Chabaud       
Phoenix dactylifera,L.       
Phoenix reclinata,Jacq.       
Phoenix roebelenii,O'Brien       
Phormium tenax,J.R.Forst. & G.Forst.     
Phragmites australis,(Cav.) Trin. ex Steud.    
Phyllanthus acidus,(L.) Skeels      
Phyllanthus angustifolius,(Sw.) Sw.      
Phyllanthus arbuscula,(Sw.) J.F.Gmel.      
Phyllanthus asperulatus,Hutch.       
Phyllanthus emblica,L.       
Phyllanthus myrtifolius,(Wight) M?∫ll.Arg.      
Phyllanthus tenellus,Roxb.       
Phyllarthron bojeranum,DC.       
Phyllarthron comorense,DC.       
Phyllostachys edulis,(Carri?Ære) J.Houz.      
Physalis angulata,L.       
Physalis heterophylla,Nees       
Physalis lagascae,Roem. & Schult.     
Physalis lobata,Torr.       
Physalis peruviana,L.       
Physalis philadelphica,Lam.       
Physalis pruinosa,L.       
Phytolacca dioica,L.       
Phytolacca octandra,L.       
Pilea microphylla,(L.) Liebm.      
Pilea serpyllifolia,(Poir.) Wedd.      
Pilea trianthemoides,(Sw.) Lindl.      
Pimenta dioica,(L.) Merr.      
Pimenta racemosa,(Mill.) J.W.Moore      
Pinus canariensis,C.Sm.       
Pinus caribaea,Morelet       
Pinus densiflora,Siebold & Zucc.     
Pinus elliottii,Engelm.       
Pinus halepensis,Mill.       
Pinus hartwegii,Lindl.       
Pinus merkusii,Jungh. & de Vriese    
Pinus oocarpa,Schiede       
Pinus patula,Schiede ex Schltdl. & Cham.   
Pinus radiata,D.Don       
Piper betle,L.       
Piper divaricatum,G.Mey.       
Piper nigrum,L.       
Pistacia terebinthus,L.       
Pistia stratiotes,L.       
Pisum sativum,L.       
Pithecellobium dulce,(Roxb.) Benth.      
Pithecellobium unguis-cati,(L.) Benth.      
Pittosporum bicolor,Hook.       
Pittosporum crassifolium,Banks & Sol. ex A.Cunn.   
Pittosporum tobira,(Thunb.) W.T.Aiton      
Pittosporum umbellatum,Banks & Soland ex Gaertn.   
Pittosporum undulatum,Vent.       
Pittosporum viridiflorum,Sims       
Plantago lanceolata,L.       
Plantago major,L.       
Plantago ovata,Forssk.       
Platanus occidentalis,L.       
Platanus orientalis,L.       
Platostoma africanum,P.Beauv.       
Platycladus orientalis,(L.) Franco      
Plectranthus scutellarioides,(L.) R.Br.      
Pleonotoma jasminifolia,(Kunth) Miers      
Plumbago auriculata,Lam.       
Plumbago zeylanica,L.       
Plumeria alba,L.       
Plumeria obtusa,L.       
Plumeria pudica,Jacq.       
Plumeria rubra,L.       
Poa annua,L.       
Poa pratensis,L.       
Podocarpus latifolius,(Thunb.) R.Br. ex Mirb.    
Podocarpus macrophyllus,(Thunb.) Sweet      
Podocarpus neriifolius,D.Don       
Podranea ricasoliana,(Tanfani) Sprague      
Polianthes tuberosa,L.       
Polyalthia longifolia,(Sonn.) Thwaites      
Polycarpaea corymbosa,(L.) Lam.      
Polycarpon tetraphyllum,(L.) L.      
Polygala lancifolia,A. St.-Hil. & Moq.    
Polygala myrtifolia,L.       
Polygonum aviculare,L.       
Polygonum maritimum,L.       
Polypogon monspeliensis,(L.) Desf.      
Polyscias australiana,(F.Muell.) Philipson      
Polyscias balfouriana,(Andr») L.H.Bailey      
Polyscias cumingiana,(C.Presl) Fern.-Vill.      
Polyscias filicifolia,(C.Moore ex E.Fourn.) L.H.Bailey    
Polyscias fruticosa,(L.) Harms      
Polyscias guilfoylei,(W.Bull) L.H.Bailey      
Polyscias obtusifolia,Frodin       
Polyscias scutellaria,(Burm.f.) Fosberg      
Polysiphonia brodiei,       
Polytrias indica,(Houtt.) Veldkamp      
Pomaderris apetala,Labill.       
Pomaderris lanigera,(Andrews) Sims      
Pontederia cordata,L.       
Populus alba,L.       
Populus deltoides,Marshall       
Porana volubilis,Burm. f.      
Portlandia grandiflora,L.       
Portulaca grandiflora,Hook.       
Portulaca oleracea,L.       
Portulaca pilosa,L.       
Portulaca quadrifida,L.       
Portulacaria afra,Jacq.       
Potamogeton berchtoldii,Fieber       
Potamogeton crispus,L.       
Potamogeton pusillus,L.       
Potamogeton trichoides,Cham. & Schltdl.     
Pouteria campechiana,(Kunth) Baehni      
Primula malacoides,Franch.       
Primula obconica,Hance       
Pritchardia pacifica,Seem. & H.Wendl.     
Proiphys amboinensis,(L.) Herb.      
Prosopis chilensis,(Molina) Stuntz      
Prosopis glandulosa,Torr.       
Prosopis juliflora,(Sw.) DC.      
Prosopis pallida,(Willd.) Kunth      
Prosopis velutina,Wooton       
Proustia pyrifolia,DC.       
Prunus armeniaca,L.       
Prunus avium,(L.) L.      
Prunus campanulata,Maxim.       
Prunus domestica,L.       
Prunus laurocerasus,L.       
Prunus mahaleb,L.       
Prunus persica,(L.) Batsch      
Prunus salicina,Lindl.       
Pseudelephantopus spicatus,(Juss. ex Aubl.) C.F.Baker    
Pseuderanthemum carruthersii,(Seem.) Guillaumin      
Pseuderanthemum cinnabarinum,(Wall.) Radlk.      
Pseudobombax ellipticum,(Kunth) Dugand      
Pseudofumaria lutea,(L.) Borkh.      
Pseudomussaenda flava,Verdc.       
Psidium cattleianum,Afzel. ex Sabine     
Psidium friedrichsthalianum,(O.Berg) Nied.      
Psidium guajava,L.       
Psidium guineense,Sw.       
Psophocarpus scandens,(Endl.) Verdc.      
Psophocarpus tetragonolobus,(L.) DC.      
Psoralea pinnata,L.       
Pterocarpus indicus,Willd.       
Pterocarpus rotundifolius,(Sond.) Druce      
Pterocarya stenoptera,C. DC.      
Pterocymbium tinctorium,(Blanco) Merr.      
Pterospermum acerifolium,(L.) Willd.      
Pterospermum semisagittatum,Buch.-Ham. ex Roxb.     
Ptychosperma elegans,(R.Br.) Blume      
Ptychosperma macarthurii,(H.Wendl. ex H.J.Veitch) H.Wendl. ex Hook.f.  
Pueraria montana,(Willd.) Sanjappa & Pradeep    
Punica granatum,L.       
Pupalia lappacea,(L.) Juss.      
Pycnostachys speciosa,G?∫rke       
Pycreus pumilus,(L.) Nees      
Pyrolirion arvense,"(F.Dietr.) Erhardt, Gàtz & Seybold   "
Pyrostegia venusta,(Ker Gawl.) Miers     
Pyrus communis,L.       
Pyrus pyrifolia,(Burm.f.) Nakai      
Quassia amara,L.       
Quercus baloot,Griff.       
Quercus coccifera,L.       
Quercus ilex,L.       
Quercus robur,L.       
Quillaja saponaria,Molina       
Ranunculus aquatilis,L.       
Raphanus raphanistrum,L.       
Raphionacme hirsuta,(E.Mey.) R.A.Dyer      
Rauvolfia tetraphylla,L.       
Ravenala madagascariensis,Sonn.       
Ravenia spectabilis,Engl.       
Reseda alba,L.       
Reseda luteola,L.       
Reseda odorata,L.       
Reynoutria sachalinensis,(F.Schmidt) Nakai      
Rhamnus cathartica,L.       
Rhamnus persica,P. Lawson      
Rhapis excelsa,(Thunb.) Henry      
Rheum rhaponticum,L.       
Rhodanthe chlorocephala,(Hook.) Paul G.Wilson     
Rhodanthe manglesii,Lindl.       
Rhododendron indicum,(L.) Sweet      
Rhododendron mucronatum,(Blume) G. Don     
Rhododendron ponticum,L.       
Rhododendron simsii,Planch.       
Rhynchosia minima,(L.) DC.      
Richardia brasiliensis,Gomes       
Richardia scabra,L.       
Ricinus communis,L.       
Rivina humilis,L.       
Robinia pseudoacacia,L.       
Romneya coulteri,Harv.       
Rondeletia odorata,Jacq.       
Rorippa dubia,(Pers.) H.Hara      
Rorippa islandica,(Oeder) Borb?∞s      
Rosa banksiae,R.Br.       
Rosa canina,L.       
Rosa cathayensis,(Rehder & E.H.Wilson) L.H.Bailey    
Rosa centifolia,L.       
Rosa chinensis,Jacq.       
Rosa cymosa,Tratt.       
Rosa fujisanensis,(Makino) Makino      
Rosa laevigata,Michx.       
Rosa moschata,Herrm.       
Rosa multiflora,Thunb.       
Rosa setigera,Michx.       
Rotala densiflora,(Roth) Koehne      
Rotala indica,(Willd.) Koehne      
Rotheca incisa,(Klotzsch) Steane & Mabb.    
Rotheca myricoides,(Hochst.) Steane & Mabb.    
Roystonea regia,(Kunth) O.F.Cook      
Rubus buergeri,Miq.       
Rubus moluccanus,L.       
Rubus ulmifolius,Schott       
Rudbeckia maxima,Nutt.       
Ruellia elegans,Poir.       
Ruellia simplex,C.Wright       
Ruellia tuberosa,L.       
Ruellia tweediana,Griseb.       
Rumex acetosella,L.       
Rumex aquaticus,L.       
Rumex conglomeratus,Murray       
Rumex crispus,L.       
Rumex obtusifolius,L.       
Rumex paulsenianus,Rech. f.      
Ruscus aculeatus,L.       
Russelia equisetiformis,Schltdl. & Cham.     
Russelia floribunda,Kunth       
Russelia rotundifolia,Cav.       
Russelia sarmentosa,Jacq.       
Ruta graveolens,L.       
Ruttya fruticosa,Lindau       
Sabal mauritiiformis,(H.Karst.) Griseb. & H.Wendl.    
Sabal minor,(Jacq.) Pers.      
Sabal palmetto,(Walter) Lodd. ex Schult. & Schult.f.  
Saccharum officinarum,L.       
Saccharum spontaneum,L.       
Sagina procumbens,L.       
Sagina saginoides,(L.) H.Karst.      
Sagittaria latifolia,Willd.       
Sagittaria sagittifolia,L.       
Salix alba,L.       
Salix babylonica,L.       
Salix cinerea,L.       
Salvia coccinea,Buc'hoz ex Etl.     
Salvia elegans,Vahl       
Salvia farinacea,Benth.       
Salvia involucrata,Cav.       
Salvia leucantha,Cav.       
Salvia microphylla,Kunth       
Salvia officinalis,L.       
Salvia patens,Cav.       
Salvia plebeia,R.Br.       
Salvia sclarea,L.       
Salvia splendens,Sellow ex Schult.     
Salvia uliginosa,Benth.       
Salvia verbenaca,L.       
Salvinia adnata,Desv.       
Salvinia natans,(L.) All.      
Sambucus nigra,L.       
Sanchezia nobilis,Hook.f.       
Sanchezia parvibracteata,Sprague & Hutch.     
Sandoricum koetjape,(Burm.f.) Merr.      
Sannantha virgata,(J.R.Forst. & G.Forst.) Peter G.Wilson   
Sansevieria cylindrica,Bojer ex Hook.     
Sansevieria hyacinthoides,(L.) Druce      
Sansevieria trifasciata,Prain       
Sansevieria zeylanica,(L.) Willd.      
Santolina chamaecyparissus,L.       
Sapindus mukorossi,Gaertn.       
Sapindus saponaria,L.       
Sapium sebiferum,(L.) Roxb.      
Saponaria officinalis,L.       
Saraca declinata,Miq.       
Saraca thaipingensis,Prain       
Saribus rotundifolius,(Lam.) Blume      
Satureja hortensis,L.       
Saxifraga stolonifera,Curtis       
Scabiosa atropurpurea,L.       
Scadoxus multiflorus,(Martyn) Raf.      
Scadoxus puniceus,(L.) Friis & Nordal    
Scaevola taccada,(Gaertn.) Roxb.      
Scandix stellata,Banks & Sol.     
Schaueria calicotricha,(Link & Otto) Nees    
Schefflera actinophylla,(Endl.) Harms      
Schefflera arboricola,(Hayata) Merr.      
Schefflera elegantissima,(Veitch ex Mast.) Lowry & Frodin  
Schinus molle,L.       
Schinus terebinthifolia,Raddi       
Schizanthus pinnatus,Ruiz & Pav.     
Schizolobium parahyba,(Vell.) S.F.Blake      
Schoenoselinum foeniculoides,(Maire & Wilczek) Jim.MejÌas & P.Vargas  
Schotia brachypetala,Sond.       
Schouwia purpurea,(Forssk.) Schweinf.      
Scleranthus annuus,L.       
Sclerocarpus africanus,Jacq. ex Murray     
Scoparia dulcis,L.       
Scorzonera hispanica,L.       
Scrophularia peregrina,L.       
Searsia lancea,(L.f.) F.A.Barkley      
Searsia tomentosa,(L.) F.A. Barkley     
Sechium edule,(Jacq.) Sw.      
Sedum acre,L.       
Sedum japonicum,Siebold ex Miq.     
Sedum mexicanum,Britton       
Sedum sarmentosum,Bunge       
Seemannia sylvatica,(Kunth) Baill.      
Selenicereus grandiflorus,(L.) Britton & Rose    
Selenicereus testudo,(Karw. ex Zucc.) Buxb.    
Senecio articulatus,(L.f.) Sch.Bip.      
Senecio sempervivus,Sch.Bip.       
Senecio vestitus,(Thunb.) P.J.Bergius      
Senecio vulgaris,L.       
Senegalia burkei,(Benth.) Kyal. & Boatwr.    
Senegalia mellifera,(Benth.) Seigler & Ebinger    
Senna alata,(L.) Roxb.      
Senna alexandrina,Mill.       
Senna artemisioides,Isely       
Senna bicapsularis,(L.) Roxb.      
Senna corymbosa,(Lam.) H.S.Irwin & Barneby    
Senna didymobotrya,(Fresen.) H.S.Irwin & Barneby    
Senna floribunda,(Cav.) H.S.Irwin & Barneby    
Senna fruticosa,(Mill.) H.S.Irwin & Barneby    
Senna hirsuta,(L.) H.S.Irwin & Barneby    
Senna insularis,(Britton & Rose) H.S. Irwin & Barneby 
Senna multiglandulosa,(Jacq.) H.S.Irwin & Barneby    
Senna multijuga,(Rich.) H.S.Irwin & Barneby    
Senna obtusifolia,(L.) H.S.Irwin & Barneby    
Senna occidentalis,(L.) Link      
Senna pallida,(Vahl) H.S.Irwin & Barneby    
Senna planitiicola,(Domin) Randell      
Senna polyphylla,(Jacq.) H.S.Irwin & Barneby    
Senna septemtrionalis,(Viv.) H.S.Irwin & Barneby    
Senna siamea,(Lam.) H.S.Irwin & Barneby    
Senna sophera,(L.) Roxb.      
Senna spectabilis,(DC.) H.S.Irwin & Barneby    
Senna splendida,(Vogel) H.S.Irwin & Barneby    
Senna surattensis,(Burm.f.) H.S.Irwin & Barneby    
Senna timoriensis,(DC.) H.S.Irwin & Barneby    
Senna tora,(L.) Roxb.      
Senna uniflora,(Mill.) H.S.Irwin & Barneby    
Serissa japonica,(Thunb.) Thunb.      
Sesamum indicum,L.       
Sesamum radiatum,Schumach. & Thonn.     
Sesbania bispinosa,(Jacq.) W.Wight      
Sesbania cinerascens,Baker       
Sesbania grandiflora,(L.) Pers.      
Sesbania sesban,(L.) Merr.      
Sesbania speciosa,Taub.       
Sesuvium portulacastrum,(L.) L.      
Setaria italica,(L.) P.Beauv.      
Setaria palmifolia,(J.Koenig) Stapf      
Setaria parviflora,(Poir.) M.Kerguelen      
Setaria poiretiana,(Schult.) Kunth      
Setaria sphacelata,(Schumach.) Stapf & C.E.Hubb. ex Moss  
Setaria verticillata,(L.) P.Beauv.      
Sida acuta,Burm.f.       
Sida cordata,(Burm.f.) Borss.Waalk.      
Sida cordifolia,L.       
Sida linifolia,Juss. ex Cav.     
Sida rhombifolia,L.       
Sida spinosa,L.       
Sidastrum micranthum,(A.St.-Hil.) Fryxell      
Sigesbeckia orientalis,L.       
Silene armeria,L.       
Silene coeli-rosa,(L.) Godr.      
Silene conoidea,L.       
Silene coronaria,(Desr.) Clairv. ex Rchb.    
Silene gallica,L.       
Silene latifolia,Poir.       
Silene noctiflora,L.       
Silybum marianum,(L.) Gaertn.      
Simarouba amara,Aubl.       
Sinapis alba,L.       
Sinapis arvensis,L.       
Sinningia cardinalis,(Lehm.) H.E.Moore      
Sinningia douglasii,(Lindl.) Chautems      
Sinningia speciosa,(Lodd.) Hiern      
Sinningia tubiflora,(Hook.) Fritsch      
Sisymbrium loeselii,L.       
Sisymbrium officinale,(L.) Scop.      
Sisymbrium volgense,M.Bieb. ex E.Fourn.     
Sisyrinchium palmifolium,L.       
Sisyrinchium rosulatum,E.P.Bicknell       
Smithiantha zebrina,(Regel) Kuntze      
Solandra grandiflora,Sw.       
Solandra maxima,(Moc. & Sess?© ex Dunal) P.S.Green  
Solanum aculeatissimum,Jacq.       
Solanum albidum,Dunal       
Solanum americanum,Mill.       
Solanum anguivi,Lam.       
Solanum asperolanatum,Ruiz & Pav.     
Solanum barbisetum,Nees       
Solanum betaceum,Cav.       
Solanum carolinense,L.       
Solanum chrysotrichum,Schltdl.       
Solanum dulcamara,L.       
Solanum elaeagnifolium,Cav.       
Solanum erianthum,D. Don      
Solanum flaccidum,Vell.       
Solanum glaucophyllum,Desf.       
Solanum grandiflorum,Ruiz & Pav.     
Solanum laxum,Spreng.       
Solanum mammosum,L.       
Solanum marginatum,L. f.      
Solanum mauritianum,Scop.       
Solanum melongena,L.       
Solanum myriacanthum,Dunal       
Solanum pseudocapsicum,L.       
Solanum seaforthianum,Andrews       
Solanum sisymbriifolium,Lam.       
Solanum torvum,Sw.       
Solanum triquetrum,Cav.       
Solanum tuberosum,L.       
Solanum viarum,Dunal       
Solanum wendlandii,Hook. f.      
Solanum wrightii,Benth.       
Solidago canadensis,L.       
Solidago chilensis,Meyen       
Solidago gigantea,Aiton       
Solidago nemoralis,Aiton       
Soliva anthemifolia,(Juss.) Sweet      
Sonchus arvensis,L.       
Sonchus asper,(L.) Hill      
Sonchus oleraceus,(L.) L.      
Sonchus wightianus,DC.       
Sophora davidii,(Franch.) Pavol.      
Sophora secundiflora,(Ortega) DC.      
Sorbus domestica,L.       
Sorghum arundinaceum,(Desv.) Stapf      
Sorghum bicolor,(L.) Moench      
Sorghum halepense,(L.) Pers.      
Sorghum purpureosericeum,(A.Rich.) Schweinf. & Asch.    
Sparganium erectum,L.       
Spartina alterniflora,Loisel.       
Spartium junceum,L.       
Spathodea campanulata,P.Beauv.       
Spergula arvensis,L.       
Spermacoce alata,Aubl.       
Spermacoce articularis,L.f.       
Spermacoce pusilla,Wall.       
Spermacoce remota,Lam.       
Spermacoce verticillata,L.       
Sphaeranthus africanus,L.       
Sphaeranthus senegalensis,DC.       
Sphagneticola calendulacea,(L.) Pruski      
Sphagneticola trilobata,(L.) Pruski      
Spigelia anthelmia,L.       
Spinacia oleracea,L.       
Spiraea cantoniensis,Lour.       
Spiraea japonica,L.f.       
Spiraea nipponica,Maxim.       
Spiraea prunifolia,Siebold & Zucc.     
Spondias dulcis,Parkinson       
Sporobolus africanus,(Poir.) Robyns & Tournay    
Sporobolus diandrus,(Retz.) P.Beauv.      
Sprekelia formosissima,(L.) Herb.      
Stachytarpheta cayennensis,(Rich.) Vahl      
Stachytarpheta jamaicensis,(L.) Vahl      
Stachytarpheta mutabilis,(Jacq.) Vahl      
Stachytarpheta urticifolia,(Salisb.) Sims      
Stapelia gigantea,N.E.Br.       
Stapelia grandiflora,Masson       
Steirodiscus tagetes,(L.) Schltr.      
Stellaria media,(L.) Vill.      
Stemodia verticillata,(Mill.) Hassl.      
Stenocarpus salignus,R.Br.       
Stenotaphrum secundatum,(Walter) Kuntze      
Sterculia apetala,(Jacq.) H.Karst.      
Steriphoma paradoxum,(Jacq.) Endl.      
Stewartia pseudocamellia,Maxim.       
Stigmaphyllon ciliatum,(Lam.) A.Juss.      
Stigmaphyllon emarginatum,(Cav.) A. Juss.     
Stipagrostis hirtigluma,(Steud. ex Trin. & Rupr.) De Winter 
Stipagrostis plumosa,Munro ex T.Anderson     
Stokesia laevis,(Hill) Greene      
Strelitzia reginae,Banks       
Streptosolen jamesonii,(Benth.) Miers      
Striga gesnerioides,(Willd.) Vatke      
Strobilanthes sinuata,J.R.I.Wood       
Strophanthus gratus,(Wall. & Hook.) Baill.    
Strophanthus hispidus,DC.       
Struchium sparganophorum,(L.) Kuntze      
Stuckenia filiformis,(Pers.) B??rner      
Stuckenia pectinata,(L.) B??rner      
Stylosanthes fruticosa,(Retz.) Alston      
Stylosanthes guianensis,(Aubl.) Sw.      
Stylosanthes hamata,(L.) Taub.      
Stylosanthes humilis,Kunth       
Swainsona formosa,(G.Don) J.Thompson      
Swietenia macrophylla,King       
Swietenia mahagoni,(L.) Jacq.      
Syagrus romanzoffiana,(Cham.) Glassman      
Symphyotrichum cordifolium,(L.) G.L.Nesom      
Symphyotrichum laeve,(L.) ?≈.L??ve & D.L??ve    
Symphytum officinale,L.       
Syncarpia glomulifera,(Sm.) Nied.      
Synedrella nodiflora,(L.) Gaertn.      
Syzygium aqueum,(Burm.f.) Alston      
Syzygium aromaticum,(L.) Merr. & L.M.Perry    
Syzygium jambos,(L.) Alston      
Syzygium malaccense,(L.) Merr. & L.M.Perry    
Syzygium samarangense,(Blume) Merr. & L.M.Perry    
Tabebuia aurea,(Silva Manso) Benth. & Hook.f. ex S.Moore 
Tabebuia heterophylla,(DC.) Britton      
Tabebuia pallida,(Lindl.) Miers      
Tabebuia rosea,(Bertol.) Bertero ex A.DC.    
Tabernaemontana africana,Hook.       
Tabernaemontana citrifolia,L.       
Tabernaemontana dichotoma,Roxb. ex Wall.     
Tagetes erecta,L.       
Tagetes lucida,Cav.       
Tagetes minuta,L.       
Tagetes tenuifolia,Cav.       
Talinum calycinum,Engelm.       
Talinum fruticosum,(L.) Juss.      
Talinum paniculatum,(Jacq.) Gaertn.      
Talipariti tiliaceum,(L.) Fryxell      
Tamarindus indica,L.       
Tanacetum cinerariifolium,(Trevir.) Sch.Bip.      
Tanacetum parthenium,(L.) Sch.Bip.      
Taraxacum campylodes,G.E.Haglund       
Taxillus tomentosus,(B.Heyne ex Roth) Tiegh.    
Taxodium distichum,(L.) Rich.      
Taxodium huegelii,C.Lawson       
Tecoma capensis,(Thunb.) Lindl.      
Tecoma castanifolia,(D.Don) Melch.      
Tecoma stans,(L.) Juss. ex Kunth    
Tephrosia purpurea,(L.) Pers.      
Tephrosia vogelii,Hook.f.       
Teramnus labialis,(L.f.) Spreng.      
Terminalia calamansanai,(Blanco) Rolfe      
Terminalia catappa,L.       
Terminalia oliveri,Brandis       
Terminalia sericea,Burch. ex DC.     
Tetraclinis articulata,(Vahl) Mast.      
Tetradenia riparia,(Hochst.) Codd      
Tetragonia tetragonioides,(Pall.) Kuntze      
Tetrapanax papyrifer,(Hook.) K.Koch      
Teucrium fruticans,L.       
Thalia geniculata,L.       
Theobroma cacao,L.       
Thrinax parviflora,Sw.       
Thuja occidentalis,L.       
Thunbergia alata,Bojer ex Sims     
Thunbergia erecta,(Benth.) T.Anderson      
Thymophylla tenuifolia,(Cass.) Rydb.      
Thymophylla tenuiloba,(DC.) Small      
Thymus serpyllum,L.       
Thyrsostachys oliveri,Gamble       
Thyrsostachys siamensis,Gamble       
Tibouchina semidecandra,(Mart. & Schrank ex DC.) Cogn.  
Tibouchina urvilleana,(DC.) Cogn.      
Tipuana tipu,(Benth.) Kuntze      
Tithonia diversifolia,(Hemsl.) A.Gray      
Tithonia rotundifolia,(Mill.) S.F.Blake      
Tococa platyphylla,Benth.       
Torenia fournieri,Linden ex E. Fourn.    
Torilis japonica,(Houtt.) DC.      
Trachelospermum jasminoides,(Lindl.) Lem.      
Trachycarpus fortunei,(Hook.) H.Wendl.      
Trachyspermum ammi,(L.) Sprague      
Tradescantia fluminensis,Vell.       
Tradescantia pallida,(Rose) D.R.Hunt      
Tradescantia spathacea,Sw.       
Tradescantia zebrina,Bosse       
Tragopogon porrifolius,L.       
Triadica sebifera,(L.) Small      
Tribulus cistoides,L.       
Tribulus pentandrus,Forssk.       
Tribulus terrestris,L.       
Tridax procumbens,(L.) L.      
Trifolium alexandrinum,L.       
Trifolium cernuum,Brot.       
Trifolium dubium,Sibth.       
Trifolium fragiferum,L.       
Trifolium hybridum,L.       
Trifolium incarnatum,L.       
Trifolium pratense,L.       
Trifolium repens,L.       
Trifolium resupinatum,L.       
Trifolium subterraneum,L.       
Trifolium tomentosum,L.       
Trigonella foenum-graecum,L.       
Triphasia trifolia,(Burm.f.) P.Wilson      
Triplaris americana,L.       
Tripsacum laxum,Nash       
Tristellateia australasiae,A. Rich.      
Triumfetta rhomboidea,Jacq.       
Tropaeolum majus,L.       
Tropaeolum minus,L.       
Tropaeolum pentaphyllum,Lam.       
Tropaeolum peregrinum,L.       
Turbina corymbosa,(L.) Raf.      
Turnera subulata,Sm.       
Turnera ulmifolia,L.       
Typha angustifolia,L.       
Typha domingensis,Pers.       
Ulex europaeus,L.       
Umbilicus rupestris,(Salisb.) Dandy      
Urena lobata,L.       
Urochloa mosambicensis,(Hack.) Dandy      
Urochloa panicoides,P.Beauv.       
Urochondra setulosa,(Trin.) C.E.Hubb.      
Utricularia aurea,Lour.       
Vaccaria hispanica,(Mill.) Rauschert      
Vachellia caven,(Molina) Seigler & Ebinger    
Vachellia karroo,(Hayne) Banfi & Galasso    
Vachellia robusta,(Burch.) Kyal. & Boatwr.    
Vachellia sphaerocephala,(Cham. & Schltdl.) Seigler & Ebinger  
Vachellia tortilis,(Forssk.) Galasso & Banfi    
Vallisneria spiralis,L.       
Vangueria madagascariensis,J.F.Gmel.       
Vasconcellea pubescens,A.DC.       
Verbascum arcturus,L.       
Verbascum thapsus,L.       
Verbascum virgatum,Stokes       
Verbena bipinnatifida,Nutt.       
Verbena bonariensis,L.       
Verbena officinalis,L.       
Verbena rigida,Spreng.       
Verbesina encelioides,(Cav.) Benth. & Hook.f. ex A.Gray  
Vernicia cordata,(Thunb.) Airy Shaw     
Vernicia fordii,(Hemsl.) Airy Shaw     
Vernicia montana,Lour.       
Vernonia arborescens,(L.) Sw.      
Veronica anagallis-aquatica,L.       
Veronica persica,Poir.       
Veronica polita,Fr.       
Veronica speciosa,R.Cunn. ex A.Cunn.     
Veronica wyomingensis,(A.Nelson) M.M.Mart.Ort. & Albach    
Vicia faba,L.       
Vicia hirsuta,(L.) Gray      
Vicia sativa,L.       
Vicia villosa,Roth       
Victoria amazonica,(Poepp.) J.C. Sowerby     
Victoria cruziana,A.D. Orb.      
Vigna adenantha,(G.Mey.) Marechal & al.    
Vigna hosei,(Craib) Backer      
Vigna trilobata,(L.) Verdc.      
Vigna umbellata,(Thunb.) Ohwi & H.Ohashi    
Vigna unguiculata,(L.) Walp.      
Vinca major,L.       
Viola odorata,L.       
Viola thomsonii,Oudem.       
Viola tricolor,L.       
Virgilia oroboides,(P.J.Bergius) T.M.Salter      
Vitex agnus-castus,L.       
Vitex megapotamica,(Spreng.) Moldenke      
Vitex negundo,L.       
Vitex parviflora,A.Juss.       
Vitis heyneana,Roem. & Schult.     
Vitis vinifera,L.       
Vittadinia australis,A.Rich.       
Vittadinia cuneata,DC.       
Vittadinia triloba,(Gaudich.) DC.      
Voacanga grandifolia,(Miq.) Rolfe      
Volkameria aculeata,L.       
Volkameria glabra,(E.Mey.) Mabb. & Y.W.Yuan    
Volkameria heterophylla,Poir.       
Vulpia bromoides,(L.) Gray      
Waltheria indica,L.       
Washingtonia filifera,(Linden ex Andr») H.Wendl. ex de Bary 
Washingtonia robusta,H.Wendl.       
Watsonia borbonica,(Pourr.) Goldblatt      
Wedelia glauca,(Ortega) Hoffm. ex Hicken    
Weigela florida,(Bunge) A. DC.     
Wigandia urens,(Ruiz & Pav.) Kunth    
Wissadula contracta,(Link) R.E.Fr.      
Wissadula periplocifolia,(L.) Thwaites      
Wisteria sinensis,(Sims) Sweet      
Withania somnifera,(L.) Dunal      
Wolffia columbiana,H.Karst.       
Wrightia antidysenterica,(L.) R.Br.      
Xanthium spinosum,L.       
Xanthium strumarium,L.       
Xerochrysum bracteatum,(Vent.) Tzvelev      
Youngia japonica,(L.) DC.      
Yucca gloriosa,L.       
Zamia furfuracea,L.f. ex Aiton     
Zannichellia palustris,L.       
Zantedeschia aethiopica,(L.) Spreng.      
Zapoteca portoricensis,(Jacq.) H.M.Hern.      
Zea mays,L.       
Zea mexicana,(Schrad.) Kuntze      
Zephyranthes candida,(Lindl.) Herb.      
Zephyranthes carinata,Herb.       
Zephyranthes citrina,Baker       
Zephyranthes minuta,(Kunth) D.Dietr.      
Zephyranthes rosea,Lindl.       
Zinnia angustifolia,Kunth       
Zinnia elegans,Jacq.       
Zinnia peruviana,(L.) L.      
Ziziphus joazeiro,Mart.       
Ziziphus jujuba,Mill.       
Zornia gibbosa,Span.       
Zoysia japonica,Steud.       
